0,fuente,tabla_num,1,2,3,4,5,6,7,8,9,10,11,12,Número de municipios por entidad federativa y demarcaciones territoriales de la Ciudad de México,"Los datos proceden del Censo Nacional de Gobiernos Municipales y Demarcaciones Territoriales de la Ciudad de México, realizado por el Instituto Nacional de Estadística y Geografía (INEGI).Con motivo de la reforma de la Constitución Política de los Estados Unidos Mexicanos publicada el 29 de enero de 2016 en el Diario Oficial de la Federación, el Distrito Federal cambió su denominación a Ciudad de México. La información correspondiente a dicha entidad se presenta con este nuevo nombre.","Instituto Nacional de Estadística y Geografía, Censo Nacional de Gobiernos Municipales y Delegacionales, Ediciones 2011, 2013, 2015, 2017, Módulo 6: Residuos Sólidos Urbanos, consultado en: https://www.inegi.org.mx/temas/residuos/, 08-11-2019."
Generación estimada de residuos sólidos urbanos por tipo de residuo(miles de toneladas),recoleccion_municipios,1,,,,,,,,,,,,,,,
,recoleccion_municipios,1,,,,,,,,,,,,,,,
,recoleccion_municipios,2,,,,,,,,,,,,,,,
Tipo de residuo,recoleccion_municipios,2,Año,Generación,,,,,,,,,,,,,
"Papel, cartón, productos de papel",recoleccion_municipios,2,1992,"3,090.83",,,,,,,,,,,,,
,recoleccion_municipios,2,1993,"3,952.20",,,,,,,,,,,,,
,recoleccion_municipios,2,1994,"4,146.77",,,,,,,,,,,,,
,recoleccion_municipios,2,1995,"4,292.70",,,,,,,,,,,,,
,recoleccion_municipios,2,1996,"4,496.69",,,,,,,,,,,,,
,recoleccion_municipios,2,1997,"4,118.63",,,,,,,,,,,,,
,recoleccion_municipios,2,1998,"4,298.46",,,,,,,,,,,,,
,recoleccion_municipios,2,1999,"4,354.95",,,,,,,,,,,,,
,recoleccion_municipios,2,2000,"4,324.13",,,,,,,,,,,,,
,recoleccion_municipios,2,2001,"4,430.44",,,,,,,,,,,,,
,recoleccion_municipios,2,2002,"4,526.83",,,,,,,,,,,,,
,recoleccion_municipios,2,2003,"4,904.50",,,,,,,,,,,,,
,recoleccion_municipios,2,2004,"5,160.00",,,,,,,,,,,,,
,recoleccion_municipios,2,2005,"5,275.00",,,,,,,,,,,,,
,recoleccion_municipios,2,2006,"5,388.00",,,,,,,,,,,,,
,recoleccion_municipios,2,2007,"5,489.30",,,,,,,,,,,,,
,recoleccion_municipios,2,2008,"5,199.40",,,,,,,,,,,,,
,recoleccion_municipios,2,2009,"5,300.40",,,,,,,,,,,,,
,recoleccion_municipios,2,2010,"5,540.20",,,,,,,,,,,,,
,recoleccion_municipios,2,2011,"5,679.00",,,,,,,,,,,,,
,recoleccion_municipios,2,2012,"5,822.82",,,,,,,,,,,,,
Textiles,recoleccion_municipios,2,1992,327.32,,,,,,,,,,,,,
,recoleccion_municipios,2,1993,418.53,,,,,,,,,,,,,
,recoleccion_municipios,2,1994,439.14,,,,,,,,,,,,,
,recoleccion_municipios,2,1995,454.59,,,,,,,,,,,,,
,recoleccion_municipios,2,1996,476.20,,,,,,,,,,,,,
,recoleccion_municipios,2,1997,436.16,,,,,,,,,,,,,
,recoleccion_municipios,2,1998,455.20,,,,,,,,,,,,,
,recoleccion_municipios,2,1999,461.18,,,,,,,,,,,,,
,recoleccion_municipios,2,2000,457.92,,,,,,,,,,,,,
,recoleccion_municipios,2,2001,469.18,,,,,,,,,,,,,
,recoleccion_municipios,2,2002,479.39,,,,,,,,,,,,,
,recoleccion_municipios,2,2003,497.00,,,,,,,,,,,,,
,recoleccion_municipios,2,2004,520.10,,,,,,,,,,,,,
,recoleccion_municipios,2,2005,530.00,,,,,,,,,,,,,
,recoleccion_municipios,2,2006,542.00,,,,,,,,,,,,,
,recoleccion_municipios,2,2007,552.00,,,,,,,,,,,,,
,recoleccion_municipios,2,2008,537.60,,,,,,,,,,,,,
,recoleccion_municipios,2,2009,548.00,,,,,,,,,,,,,
,recoleccion_municipios,2,2010,572.80,,,,,,,,,,,,,
,recoleccion_municipios,2,2011,587.19,,,,,,,,,,,,,
,recoleccion_municipios,2,2012,602.06,,,,,,,,,,,,,
Plásticos,recoleccion_municipios,2,1992,962.18,,,,,,,,,,,,,
,recoleccion_municipios,2,1993,"1,230.32",,,,,,,,,,,,,
,recoleccion_municipios,2,1994,"1,290.89",,,,,,,,,,,,,
,recoleccion_municipios,2,1995,"1,336.32",,,,,,,,,,,,,
,recoleccion_municipios,2,1996,"1,399.82",,,,,,,,,,,,,
,recoleccion_municipios,2,1997,"1,282.13",,,,,,,,,,,,,
,recoleccion_municipios,2,1998,"1,338.11",,,,,,,,,,,,,
,recoleccion_municipios,2,1999,"1,355.70",,,,,,,,,,,,,
,recoleccion_municipios,2,2000,"1,346.11",,,,,,,,,,,,,
,recoleccion_municipios,2,2001,"1,379.20",,,,,,,,,,,,,
,recoleccion_municipios,2,2002,"1,409.20",,,,,,,,,,,,,
,recoleccion_municipios,2,2003,"2,014.40",,,,,,,,,,,,,
,recoleccion_municipios,2,2004,"2,115.80",,,,,,,,,,,,,
,recoleccion_municipios,2,2005,"2,161.80",,,,,,,,,,,,,
,recoleccion_municipios,2,2006,"2,208.00",,,,,,,,,,,,,
,recoleccion_municipios,2,2007,"2,223.00",,,,,,,,,,,,,
,recoleccion_municipios,2,2008,"4,094.10",,,,,,,,,,,,,
,recoleccion_municipios,2,2009,"4,173.60",,,,,,,,,,,,,
,recoleccion_municipios,2,2010,"4,362.40",,,,,,,,,,,,,
,recoleccion_municipios,2,2011,"4,471.71",,,,,,,,,,,,,
,recoleccion_municipios,2,2012,"4,584.99",,,,,,,,,,,,,
Vidrios,recoleccion_municipios,2,1992,"1,296.08",,,,,,,,,,,,,
,recoleccion_municipios,2,1993,"1,657.28",,,,,,,,,,,,,
,recoleccion_municipios,2,1994,"1,738.87",,,,,,,,,,,,,
,recoleccion_municipios,2,1995,"1,800.07",,,,,,,,,,,,,
,recoleccion_municipios,2,1996,"1,885.62",,,,,,,,,,,,,
,recoleccion_municipios,2,1997,"1,727.07",,,,,,,,,,,,,
,recoleccion_municipios,2,1998,"1,802.48",,,,,,,,,,,,,
,recoleccion_municipios,2,1999,"1,826.17",,,,,,,,,,,,,
,recoleccion_municipios,2,2000,"1,813.25",,,,,,,,,,,,,
,recoleccion_municipios,2,2001,"1,857.82",,,,,,,,,,,,,
,recoleccion_municipios,2,2002,"1,898.24",,,,,,,,,,,,,
,recoleccion_municipios,2,2003,"2,156.00",,,,,,,,,,,,,
,recoleccion_municipios,2,2004,"2,210.00",,,,,,,,,,,,,
,recoleccion_municipios,2,2005,"2,262.00",,,,,,,,,,,,,
,recoleccion_municipios,2,2006,"2,309.00",,,,,,,,,,,,,
,recoleccion_municipios,2,2007,"2,341.00",,,,,,,,,,,,,
,recoleccion_municipios,2,2008,"2,210.60",,,,,,,,,,,,,
,recoleccion_municipios,2,2009,"2,253.50",,,,,,,,,,,,,
,recoleccion_municipios,2,2010,"2,355.50",,,,,,,,,,,,,
,recoleccion_municipios,2,2011,"2,414.50",,,,,,,,,,,,,
,recoleccion_municipios,2,2012,"2,475.66",,,,,,,,,,,,,
Metales: Aluminio,recoleccion_municipios,2,1995,488.15,,,,,,,,,,,,,
,recoleccion_municipios,2,1996,511.35,,,,,,,,,,,,,
,recoleccion_municipios,2,1997,468.36,,,,,,,,,,,,,
,recoleccion_municipios,2,1998,488.81,,,,,,,,,,,,,
,recoleccion_municipios,2,1999,495.23,,,,,,,,,,,,,
,recoleccion_municipios,2,2000,491.73,,,,,,,,,,,,,
,recoleccion_municipios,2,2001,503.82,,,,,,,,,,,,,
,recoleccion_municipios,2,2002,514.78,,,,,,,,,,,,,
,recoleccion_municipios,2,2003,586.15,,,,,,,,,,,,,
,recoleccion_municipios,2,2004,606.00,,,,,,,,,,,,,
,recoleccion_municipios,2,2005,620.00,,,,,,,,,,,,,
,recoleccion_municipios,2,2006,633.00,,,,,,,,,,,,,
,recoleccion_municipios,2,2007,650.00,,,,,,,,,,,,,
,recoleccion_municipios,2,2008,650.40,,,,,,,,,,,,,
,recoleccion_municipios,2,2009,663.00,,,,,,,,,,,,,
,recoleccion_municipios,2,2010,693.00,,,,,,,,,,,,,
,recoleccion_municipios,2,2011,710.40,,,,,,,,,,,,,
,recoleccion_municipios,2,2012,728.38,,,,,,,,,,,,,
Metales Ferrosos,recoleccion_municipios,2,1995,245.60,,,,,,,,,,,,,
,recoleccion_municipios,2,1996,257.27,,,,,,,,,,,,,
,recoleccion_municipios,2,1997,235.64,,,,,,,,,,,,,
,recoleccion_municipios,2,1998,245.93,,,,,,,,,,,,,
,recoleccion_municipios,2,1999,249.16,,,,,,,,,,,,,
,recoleccion_municipios,2,2000,247.40,,,,,,,,,,,,,
,recoleccion_municipios,2,2001,253.48,,,,,,,,,,,,,
,recoleccion_municipios,2,2002,259.00,,,,,,,,,,,,,
,recoleccion_municipios,2,2003,282.61,,,,,,,,,,,,,
,recoleccion_municipios,2,2004,329.00,,,,,,,,,,,,,
,recoleccion_municipios,2,2005,336.10,,,,,,,,,,,,,
,recoleccion_municipios,2,2006,343.00,,,,,,,,,,,,,
,recoleccion_municipios,2,2007,410.00,,,,,,,,,,,,,
,recoleccion_municipios,2,2008,407.50,,,,,,,,,,,,,
,recoleccion_municipios,2,2009,415.40,,,,,,,,,,,,,
,recoleccion_municipios,2,2010,434.20,,,,,,,,,,,,,
,recoleccion_municipios,2,2011,445.10,,,,,,,,,,,,,
,recoleccion_municipios,2,2012,456.36,,,,,,,,,,,,,
"Metales: otros no ferrosos (incluye cobre, plomo, estaño y níquel)",recoleccion_municipios,2,1995,151.02,,,,,,,,,,,,,
,recoleccion_municipios,2,1996,158.20,,,,,,,,,,,,,
,recoleccion_municipios,2,1997,144.90,,,,,,,,,,,,,
,recoleccion_municipios,2,1998,151.22,,,,,,,,,,,,,
,recoleccion_municipios,2,1999,153.21,,,,,,,,,,,,,
,recoleccion_municipios,2,2000,152.13,,,,,,,,,,,,,
,recoleccion_municipios,2,2001,155.87,,,,,,,,,,,,,
,recoleccion_municipios,2,2002,159.26,,,,,,,,,,,,,
,recoleccion_municipios,2,2003,177.94,,,,,,,,,,,,,
,recoleccion_municipios,2,2004,225.00,,,,,,,,,,,,,
,recoleccion_municipios,2,2005,230.00,,,,,,,,,,,,,
,recoleccion_municipios,2,2006,234.00,,,,,,,,,,,,,
,recoleccion_municipios,2,2007,238.00,,,,,,,,,,,,,
,recoleccion_municipios,2,2008,235.30,,,,,,,,,,,,,
,recoleccion_municipios,2,2009,239.90,,,,,,,,,,,,,
,recoleccion_municipios,2,2010,250.70,,,,,,,,,,,,,
,recoleccion_municipios,2,2011,257.00,,,,,,,,,,,,,
,recoleccion_municipios,2,2012,263.51,,,,,,,,,,,,,
Metales: Total,recoleccion_municipios,2,1992,635.96,,,,,,,,,,,,,
,recoleccion_municipios,2,1993,814.60,,,,,,,,,,,,,
,recoleccion_municipios,2,1994,854.70,,,,,,,,,,,,,
,recoleccion_municipios,2,1995,884.78,,,,,,,,,,,,,
,recoleccion_municipios,2,1996,926.82,,,,,,,,,,,,,
,recoleccion_municipios,2,1997,848.90,,,,,,,,,,,,,
,recoleccion_municipios,2,1998,885.96,,,,,,,,,,,,,
,recoleccion_municipios,2,1999,897.61,,,,,,,,,,,,,
,recoleccion_municipios,2,2000,891.26,,,,,,,,,,,,,
,recoleccion_municipios,2,2001,913.17,,,,,,,,,,,,,
,recoleccion_municipios,2,2002,933.03,,,,,,,,,,,,,
,recoleccion_municipios,2,2003,"1,046.70",,,,,,,,,,,,,
,recoleccion_municipios,2,2004,"1,160.00",,,,,,,,,,,,,
,recoleccion_municipios,2,2005,"1,186.10",,,,,,,,,,,,,
,recoleccion_municipios,2,2006,"1,210.00",,,,,,,,,,,,,
,recoleccion_municipios,2,2007,"1,298.00",,,,,,,,,,,,,
,recoleccion_municipios,2,2008,"1,293.20",,,,,,,,,,,,,
,recoleccion_municipios,2,2009,"1,318.30",,,,,,,,,,,,,
,recoleccion_municipios,2,2010,"1,377.90",,,,,,,,,,,,,
,recoleccion_municipios,2,2011,"1,412.50",,,,,,,,,,,,,
,recoleccion_municipios,2,2012,"1,448.25",,,,,,,,,,,,,
"Basura de comida, de jardines y materiales orgánicos similares",recoleccion_municipios,2,1992,"11,511.97",,,,,,,,,,,,,
,recoleccion_municipios,2,1993,"14,718.92",,,,,,,,,,,,,
,recoleccion_municipios,2,1994,"15,443.56",,,,,,,,,,,,,
,recoleccion_municipios,2,1995,"15,987.04",,,,,,,,,,,,,
,recoleccion_municipios,2,1996,"16,746.73",,,,,,,,,,,,,
,recoleccion_municipios,2,1997,"15,338.75",,,,,,,,,,,,,
,recoleccion_municipios,2,1998,"16,008.46",,,,,,,,,,,,,
,recoleccion_municipios,2,1999,"16,218.85",,,,,,,,,,,,,
,recoleccion_municipios,2,2000,"16,104.09",,,,,,,,,,,,,
,recoleccion_municipios,2,2001,"16,500.00",,,,,,,,,,,,,
,recoleccion_municipios,2,2002,"16,858.97",,,,,,,,,,,,,
,recoleccion_municipios,2,2003,"16,592.80",,,,,,,,,,,,,
,recoleccion_municipios,2,2004,"17,440.80",,,,,,,,,,,,,
,recoleccion_municipios,2,2005,"17,968.00",,,,,,,,,,,,,
,recoleccion_municipios,2,2006,"18,335.00",,,,,,,,,,,,,
,recoleccion_municipios,2,2007,"18,576.00",,,,,,,,,,,,,
,recoleccion_municipios,2,2008,"19,707.30",,,,,,,,,,,,,
,recoleccion_municipios,2,2009,"20,090.00",,,,,,,,,,,,,
,recoleccion_municipios,2,2010,"20,998.80",,,,,,,,,,,,,
,recoleccion_municipios,2,2011,"21,524.90",,,,,,,,,,,,,
,recoleccion_municipios,2,2012,"22,070.27",,,,,,,,,,,,,
"Otro tipo de basura (residuos finos, pañal desechable, etc.)",recoleccion_municipios,2,1992,"4,143.17",,,,,,,,,,,,,
,recoleccion_municipios,2,1993,"5,297.69",,,,,,,,,,,,,
,recoleccion_municipios,2,1994,"5,558.50",,,,,,,,,,,,,
,recoleccion_municipios,2,1995,"5,754.11",,,,,,,,,,,,,
,recoleccion_municipios,2,1996,"6,027.54",,,,,,,,,,,,,
,recoleccion_municipios,2,1997,"5,520.78",,,,,,,,,,,,,
,recoleccion_municipios,2,1998,"5,761.82",,,,,,,,,,,,,
,recoleccion_municipios,2,1999,"5,837.55",,,,,,,,,,,,,
,recoleccion_municipios,2,2000,"5,796.24",,,,,,,,,,,,,
,recoleccion_municipios,2,2001,"5,938.74",,,,,,,,,,,,,
,recoleccion_municipios,2,2002,"6,067.94",,,,,,,,,,,,,
,recoleccion_municipios,2,2003,"5,704.30",,,,,,,,,,,,,
,recoleccion_municipios,2,2004,"5,995.80",,,,,,,,,,,,,
,recoleccion_municipios,2,2005,"6,022.00",,,,,,,,,,,,,
,recoleccion_municipios,2,2006,"6,143.00",,,,,,,,,,,,,
,recoleccion_municipios,2,2007,"6,385.70",,,,,,,,,,,,,
,recoleccion_municipios,2,2008,"4,552.80",,,,,,,,,,,,,
,recoleccion_municipios,2,2009,"4,641.20",,,,,,,,,,,,,
,recoleccion_municipios,2,2010,"4,851.20",,,,,,,,,,,,,
,recoleccion_municipios,2,2011,"4,972.70",,,,,,,,,,,,,
,recoleccion_municipios,2,2012,"5,098.70",,,,,,,,,,,,,
Total,recoleccion_municipios,2,1992,"21,967.51",,,,,,,,,,,,,
,recoleccion_municipios,2,1993,"28,089.54",,,,,,,,,,,,,
,recoleccion_municipios,2,1994,"29,472.43",,,,,,,,,,,,,
,recoleccion_municipios,2,1995,"30,509.61",,,,,,,,,,,,,
,recoleccion_municipios,2,1996,"31,959.42",,,,,,,,,,,,,
,recoleccion_municipios,2,1997,"29,272.42",,,,,,,,,,,,,
,recoleccion_municipios,2,1998,"30,550.67",,,,,,,,,,,,,
,recoleccion_municipios,2,1999,"30,952.30",,,,,,,,,,,,,
,recoleccion_municipios,2,2000,"30,733.26",,,,,,,,,,,,,
,recoleccion_municipios,2,2001,"31,488.48",,,,,,,,,,,,,
,recoleccion_municipios,2,2002,"32,173.61",,,,,,,,,,,,,
,recoleccion_municipios,2,2003,"32,915.70",,,,,,,,,,,,,
,recoleccion_municipios,2,2004,"34,604.00",,,,,,,,,,,,,
,recoleccion_municipios,2,2005,"35,405.00",,,,,,,,,,,,,
,recoleccion_municipios,2,2006,"36,135.00",,,,,,,,,,,,,
,recoleccion_municipios,2,2007,"36,865.00",,,,,,,,,,,,,
,recoleccion_municipios,2,2008,"37,595.00",,,,,,,,,,,,,
,recoleccion_municipios,2,2009,"38,325.00",,,,,,,,,,,,,
,recoleccion_municipios,2,2010,"40,058.75",,,,,,,,,,,,,
,recoleccion_municipios,2,2011,"41,062.50",,,,,,,,,,,,,
,recoleccion_municipios,2,2012,"42,102.75",,,,,,,,,,,,,
Generación total de residuos sólidos urbanos,recoleccion_municipios,3,"Los datos la fuente los reporta en toneladas anuales, en tanto que en este cuadro se reportan en miles de toneladas anuales, esto, aunado a los redondeos que se realizan a partir del cálculo base, que es toneladas diarias, puede derivar en diferencias entre la suma de algunos de los parciales en los distintos desgloses de esta variable (por entidad federativa, por tipo de localidad, etc) y el total estimado correspondiente.A partir de los datos de 2010, la fuente considera los resultados definitivos 
del Censo General de Población y Vivienda 2010.Con la publicación de la Ley General para la Prevención y Gestión Integral de Residuos en mayo de 2003, lo que se conocía como residuos sólidos municipales, pasa a ser residuos sólidos urbanos. Se refiere a la basura producida en las ciudades, la que incluye desechos generados en las casas habitación y en otras fuentes como son comercios, instituciones, lugares de recreación y otros, los estudios de generación se realizan siguiendo la metodología 
estipulada en las Normas Mexicanas existentes.A partir de 1997 las cifras se ajustan con base en estudios de generación per cápita llevados a cabo en pequeñas comunidades, donde se ha encontrado que dicha generación es del orden de 200 a 350 g, cantidades inferiores a las reportadas para los años anteriores al de referencia.Los cálculos de la generación para 2004 y 2005 se hicieron con estricto apego a las proyecciones de población de CONAPO, que resultaron ser ligeramente superiores a los datos 
de población que se manejaron por Sedesol; razón por la que se podrá observar un ligero incremento más allá de las tendencias que se venían observando del 2000 al 2003.En el caso del desglose de esta variable por zona geográfica, las cifras para el Distrito Federal la fuente las reporta por separado debido a sus características particulares de concentración de población y gran generación de basura.La parte orgánica de la basura en su proceso de descomposición natural  (en la parte 
anaerobia), genera distintos gases conocidos como biogás, en el que aproximadamente el 50% es CO2 y el otro 50% es gas metano, mismo que debe quemarse (acuerdos internacionales para el control de emisiones de gases de invernadero y por balance estequiométrico se reducen los gases de invernadero al 9.5%), lo deseable es aprovechar su poder calorífico para generar alguna fuente de energía; cuando la descomposición es controlada con un proceso aeróbico, se obtiene un mejorador de suelo conocido como 
composta.La fuente ya no existe como consecuencia de reorganizaciones de la Administración Pública Federal. Esta información se mantiene como acervo histórico.Con motivo de la reforma de la Constitución Política de los Estados Unidos Mexicanos publicada el 29 de enero de 2016 en el Diario Oficial de la Federación, el Distrito Federal cambió su denominación a Ciudad de México. La información correspondiente a dicha entidad se presenta con este nuevo nombre.",,,,,,,,,,,,,,
"Secretaría de Desarrollo Social, Dirección General de Equipamiento e Infraestructura en Zonas Urbano-Marginadas, Abril, 2013.",recoleccion_municipios,4,,,,,,,,,,,,,,,
,recoleccion_municipios,5,,,,,,,,,,,,,,,
,recoleccion_municipios,6,,,,,,,,,,,,,,,
,recoleccion_municipios,7,,,,,,,,,,,,,,,
,recoleccion_municipios,8,,,,,,,,,,,,,,,
,recoleccion_municipios,9,,,,,,,,,,,,,,,
,recoleccion_municipios,10,,,,,,,,,,,,,,,
,recoleccion_municipios,11,,,,,,,,,,,,,,,
,recoleccion_municipios,12,,,,,,,,,,,,,,,
,recoleccion_municipios,13,,,,,,,,,,,,,,,
,recoleccion_municipios,14,,,,,,,,,,,,,,,
Generación estimada de residuos sólidos urbanos por tipo de localidad(miles de toneladas),generacion_entidad,1,,,,,,,,,,,,,,,
,generacion_entidad,1,,,,,,,,,,,,,,,
,generacion_entidad,2,,,,,,,,,,,,,,,
,generacion_entidad,2,Año,,,,,,,,,,,,,,
,generacion_entidad,2,2001,2002,2003,2004,2005,2006,2007,2008,2009,2010,2011,2012,,,
Localidad,generacion_entidad,2,,,,,,,,,,,,,,,
Zonas Metropolitanas,generacion_entidad,2,"13,844.45","14,435.75","14,709.00","15,691.35","16,037.00","16,418.00","16,536.00","17,677.00","18,030.00","17,198.78","17,559.80","18,004.14",,,
Ciudades medias,generacion_entidad,2,"10,702.59","10,583.91","10,913.00","11,296.75","10,994.00","11,512.00","12,555.00","12,918.00","13,231.00","14,942.02","15,345.90","15,824.48",,,
Ciudades pequeñas,generacion_entidad,2,"2,620.70","2,379.80","2,501.00","2,649.90","3,048.00","3,117.00","2,753.00","2,460.00","2,503.00","3,278.36","3,452.50","3,548.13",,,
Localidades rurales o semiurbanas,generacion_entidad,2,"4,320.91","4,774.20","4,793.00","4,964.00","5,326.00","5,088.00","5,021.00","4,540.00","4,561.00","4,639.50","4,704.30","4,726.00",,,
Total,generacion_entidad,2,"31,488.48","32,173.61","32,915.70","34,604.00","35,405.00","36,135.00","36,865.00","37,595.00","38,325.00","40,058.75","41,062.50","42,102.75",,,
Generación total de residuos sólidos urbanos,generacion_entidad,3,"Los datos la fuente los reporta en toneladas anuales, en tanto que en este cuadro se reportan en miles de toneladas anuales, esto, aunado a los redondeos que se realizan a partir del cálculo base, que es toneladas diarias, puede derivar en diferencias entre la suma de algunos de los parciales en los distintos desgloses de esta variable (por entidad federativa, por tipo de localidad, etc) y el total estimado correspondiente.A partir de los datos de 2010, la fuente considera los resultados definitivos 
del Censo General de Población y Vivienda 2010.Con la publicación de la Ley General para la Prevención y Gestión Integral de Residuos en mayo de 2003, lo que se conocía como residuos sólidos municipales, pasa a ser residuos sólidos urbanos. Se refiere a la basura producida en las ciudades, la que incluye desechos generados en las casas habitación y en otras fuentes como son comercios, instituciones, lugares de recreación y otros, los estudios de generación se realizan siguiendo la metodología 
estipulada en las Normas Mexicanas existentes.A partir de 1997 las cifras se ajustan con base en estudios de generación per cápita llevados a cabo en pequeñas comunidades, donde se ha encontrado que dicha generación es del orden de 200 a 350 g, cantidades inferiores a las reportadas para los años anteriores al de referencia.Los cálculos de la generación para 2004 y 2005 se hicieron con estricto apego a las proyecciones de población de CONAPO, que resultaron ser ligeramente superiores a los datos 
de población que se manejaron por Sedesol; razón por la que se podrá observar un ligero incremento más allá de las tendencias que se venían observando del 2000 al 2003.En el caso del desglose de esta variable por zona geográfica, las cifras para el Distrito Federal la fuente las reporta por separado debido a sus características particulares de concentración de población y gran generación de basura.La parte orgánica de la basura en su proceso de descomposición natural  (en la parte 
anaerobia), genera distintos gases conocidos como biogás, en el que aproximadamente el 50% es CO2 y el otro 50% es gas metano, mismo que debe quemarse (acuerdos internacionales para el control de emisiones de gases de invernadero y por balance estequiométrico se reducen los gases de invernadero al 9.5%), lo deseable es aprovechar su poder calorífico para generar alguna fuente de energía; cuando la descomposición es controlada con un proceso aeróbico, se obtiene un mejorador de suelo conocido como 
composta.La fuente ya no existe como consecuencia de reorganizaciones de la Administración Pública Federal. Esta información se mantiene como acervo histórico.Con motivo de la reforma de la Constitución Política de los Estados Unidos Mexicanos publicada el 29 de enero de 2016 en el Diario Oficial de la Federación, el Distrito Federal cambió su denominación a Ciudad de México. La información correspondiente a dicha entidad se presenta con este nuevo nombre.",,,,,,,,,,,,,,
"Secretaría de Desarrollo Social, Dirección General de Equipamiento e Infraestructura en Zonas Urbano-Marginadas, Abril, 2013.",generacion_entidad,4,,,,,,,,,,,,,,,
,generacion_entidad,5,,,,,,,,,,,,,,,
,generacion_entidad,6,,,,,,,,,,,,,,,
,generacion_entidad,7,,,,,,,,,,,,,,,
,generacion_entidad,8,,,,,,,,,,,,,,,
,generacion_entidad,9,,,,,,,,,,,,,,,
,generacion_entidad,10,,,,,,,,,,,,,,,
,generacion_entidad,11,,,,,,,,,,,,,,,
,generacion_entidad,12,,,,,,,,,,,,,,,
,generacion_entidad,13,,,,,,,,,,,,,,,
,generacion_entidad,14,,,,,,,,,,,,,,,
Municipios con programas orientados a la gestión integral de los residuos sólidos urbanos por entidad federativa(Número),programas_municipios,1,,,,,,,,,,,,,,,
,programas_municipios,1,,,,,,,,,,,,,,,
,programas_municipios,2,,,,,,,,,,,,,,,
Entidad federativa,programas_municipios,2,Año,Total de municipios,Con servicios derecolección ydisposición final,Con programas,,,,,,,,,,,
Aguascalientes,programas_municipios,2,2010,11,10,2,,,,,,,,,,,
,programas_municipios,2,2012,11,10,1,,,,,,,,,,,
,programas_municipios,2,2014,11,11,5,,,,,,,,,,,
,programas_municipios,2,2016,11,11,3,,,,,,,,,,,
,programas_municipios,2,2018,11,-,2,,,,,,,,,,,
,programas_municipios,2,2020,11,-,2,,,,,,,,,,,
,programas_municipios,2,2022,11,-,2,,,,,,,,,,,
Baja California,programas_municipios,2,2010,5,4,0,,,,,,,,,,,
,programas_municipios,2,2012,5,5,0,,,,,,,,,,,
,programas_municipios,2,2014,5,5,0,,,,,,,,,,,
,programas_municipios,2,2016,5,5,1,,,,,,,,,,,
,programas_municipios,2,2018,5,-,4,,,,,,,,,,,
,programas_municipios,2,2020,6,-,2,,,,,,,,,,,
,programas_municipios,2,2022,7,-,6,,,,,,,,,,,
Baja California Sur,programas_municipios,2,2010,5,5,0,,,,,,,,,,,
,programas_municipios,2,2012,5,5,1,,,,,,,,,,,
,programas_municipios,2,2016,5,5,0,,,,,,,,,,,
,programas_municipios,2,2018,5,-,0,,,,,,,,,,,
,programas_municipios,2,2020,5,-,0,,,,,,,,,,,
,programas_municipios,2,2022,5,-,8,,,,,,,,,,,
Campeche,programas_municipios,2,2010,11,11,1,,,,,,,,,,,
,programas_municipios,2,2012,11,11,1,,,,,,,,,,,
,programas_municipios,2,2014,11,11,0,,,,,,,,,,,
,programas_municipios,2,2016,11,11,4,,,,,,,,,,,
,programas_municipios,2,2018,11,-,4,,,,,,,,,,,
,programas_municipios,2,2020,12,-,2,,,,,,,,,,,
,programas_municipios,2,2022,13,-,4,,,,,,,,,,,
Coahuila,programas_municipios,2,2010,38,36,7,,,,,,,,,,,
,programas_municipios,2,2012,38,38,0,,,,,,,,,,,
,programas_municipios,2,2014,38,38,0,,,,,,,,,,,
,programas_municipios,2,2016,38,38,6,,,,,,,,,,,
,programas_municipios,2,2018,38,-,6,,,,,,,,,,,
,programas_municipios,2,2020,38,-,10,,,,,,,,,,,
,programas_municipios,2,2022,38,-,14,,,,,,,,,,,
Colima,programas_municipios,2,2010,10,10,1,,,,,,,,,,,
,programas_municipios,2,2012,10,10,0,,,,,,,,,,,
,programas_municipios,2,2014,10,10,1,,,,,,,,,,,
,programas_municipios,2,2016,10,10,5,,,,,,,,,,,
,programas_municipios,2,2018,10,-,2,,,,,,,,,,,
,programas_municipios,2,2020,10,-,0,,,,,,,,,,,
,programas_municipios,2,2022,10,-,0,,,,,,,,,,,
Chiapas,programas_municipios,2,2010,118,117,3,,,,,,,,,,,
,programas_municipios,2,2012,118,112,1,,,,,,,,,,,
,programas_municipios,2,2014,118,112,1,,,,,,,,,,,
,programas_municipios,2,2016,118,112,5,,,,,,,,,,,
,programas_municipios,2,2018,123,-,0,,,,,,,,,,,
,programas_municipios,2,2020,124,-,8,,,,,,,,,,,
,programas_municipios,2,2022,124,-,6,,,,,,,,,,,
Chihuahua,programas_municipios,2,2010,67,64,7,,,,,,,,,,,
,programas_municipios,2,2012,67,65,0,,,,,,,,,,,
,programas_municipios,2,2014,67,64,1,,,,,,,,,,,
,programas_municipios,2,2016,67,64,1,,,,,,,,,,,
,programas_municipios,2,2018,67,-,0,,,,,,,,,,,
,programas_municipios,2,2020,67,-,4,,,,,,,,,,,
,programas_municipios,2,2022,67,-,0,,,,,,,,,,,
Ciudad de México,programas_municipios,2,2010,16,0,9,,,,,,,,,,,
,programas_municipios,2,2012,16,0,16,,,,,,,,,,,
,programas_municipios,2,2014,16,5,16,,,,,,,,,,,
,programas_municipios,2,2016,16,0,16,,,,,,,,,,,
,programas_municipios,2,2018,16,-,14,,,,,,,,,,,
,programas_municipios,2,2020,16,-,14,,,,,,,,,,,
,programas_municipios,2,2022,16,-,6,,,,,,,,,,,
Durango,programas_municipios,2,2010,39,37,4,,,,,,,,,,,
,programas_municipios,2,2012,39,39,0,,,,,,,,,,,
,programas_municipios,2,2014,39,39,0,,,,,,,,,,,
,programas_municipios,2,2016,39,39,0,,,,,,,,,,,
,programas_municipios,2,2018,39,-,0,,,,,,,,,,,
,programas_municipios,2,2020,39,-,0,,,,,,,,,,,
,programas_municipios,2,2022,39,-,0,,,,,,,,,,,
Guanajuato,programas_municipios,2,2010,46,34,12,,,,,,,,,,,
,programas_municipios,2,2012,46,42,1,,,,,,,,,,,
,programas_municipios,2,2014,46,41,3,,,,,,,,,,,
,programas_municipios,2,2016,46,44,4,,,,,,,,,,,
,programas_municipios,2,2018,46,-,14,,,,,,,,,,,
,programas_municipios,2,2020,46,-,22,,,,,,,,,,,
,programas_municipios,2,2022,46,-,16,,,,,,,,,,,
Guerrero,programas_municipios,2,2010,81,80,11,,,,,,,,,,,
,programas_municipios,2,2012,81,80,3,,,,,,,,,,,
,programas_municipios,2,2014,81,80,2,,,,,,,,,,,
,programas_municipios,2,2016,81,81,3,,,,,,,,,,,
,programas_municipios,2,2018,81,-,2,,,,,,,,,,,
,programas_municipios,2,2020,81,-,4,,,,,,,,,,,
,programas_municipios,2,2022,85,-,10,,,,,,,,,,,
Hidalgo,programas_municipios,2,2010,84,79,26,,,,,,,,,,,
,programas_municipios,2,2012,84,83,4,,,,,,,,,,,
,programas_municipios,2,2014,84,81,3,,,,,,,,,,,
,programas_municipios,2,2016,84,83,8,,,,,,,,,,,
,programas_municipios,2,2018,84,-,12,,,,,,,,,,,
,programas_municipios,2,2020,84,-,10,,,,,,,,,,,
,programas_municipios,2,2022,84,-,22,,,,,,,,,,,
Jalisco,programas_municipios,2,2010,125,102,64,,,,,,,,,,,
,programas_municipios,2,2012,125,111,20,,,,,,,,,,,
,programas_municipios,2,2014,125,117,21,,,,,,,,,,,
,programas_municipios,2,2016,125,114,33,,,,,,,,,,,
,programas_municipios,2,2018,125,-,58,,,,,,,,,,,
,programas_municipios,2,2020,125,-,16,,,,,,,,,,,
,programas_municipios,2,2022,125,-,24,,,,,,,,,,,
México,programas_municipios,2,2010,125,107,23,,,,,,,,,,,
,programas_municipios,2,2012,125,119,0,,,,,,,,,,,
,programas_municipios,2,2014,125,122,11,,,,,,,,,,,
,programas_municipios,2,2016,125,118,14,,,,,,,,,,,
,programas_municipios,2,2018,125,-,4,,,,,,,,,,,
,programas_municipios,2,2020,125,-,28,,,,,,,,,,,
,programas_municipios,2,2022,125,-,10,,,,,,,,,,,
Michoacán,programas_municipios,2,2010,113,103,35,,,,,,,,,,,
,programas_municipios,2,2012,113,105,5,,,,,,,,,,,
,programas_municipios,2,2014,113,109,6,,,,,,,,,,,
,programas_municipios,2,2016,113,107,8,,,,,,,,,,,
,programas_municipios,2,2018,113,-,4,,,,,,,,,,,
,programas_municipios,2,2020,113,-,10,,,,,,,,,,,
,programas_municipios,2,2022,113,-,6,,,,,,,,,,,
Morelos,programas_municipios,2,2010,33,23,7,,,,,,,,,,,
,programas_municipios,2,2012,33,28,1,,,,,,,,,,,
,programas_municipios,2,2014,33,33,2,,,,,,,,,,,
,programas_municipios,2,2016,33,33,5,,,,,,,,,,,
,programas_municipios,2,2018,33,-,6,,,,,,,,,,,
,programas_municipios,2,2020,36,-,6,,,,,,,,,,,
,programas_municipios,2,2022,36,-,4,,,,,,,,,,,
Nayarit,programas_municipios,2,2010,20,17,6,,,,,,,,,,,
,programas_municipios,2,2012,20,20,0,,,,,,,,,,,
,programas_municipios,2,2014,20,20,0,,,,,,,,,,,
,programas_municipios,2,2016,20,20,2,,,,,,,,,,,
,programas_municipios,2,2018,20,-,4,,,,,,,,,,,
,programas_municipios,2,2020,20,-,0,,,,,,,,,,,
,programas_municipios,2,2022,20,-,2,,,,,,,,,,,
Nuevo León,programas_municipios,2,2010,51,37,6,,,,,,,,,,,
,programas_municipios,2,2012,51,40,0,,,,,,,,,,,
,programas_municipios,2,2014,51,50,0,,,,,,,,,,,
,programas_municipios,2,2016,51,47,4,,,,,,,,,,,
,programas_municipios,2,2018,51,-,4,,,,,,,,,,,
,programas_municipios,2,2020,51,-,0,,,,,,,,,,,
,programas_municipios,2,2022,51,-,6,,,,,,,,,,,
Oaxaca,programas_municipios,2,2010,570,441,19,,,,,,,,,,,
,programas_municipios,2,2012,570,457,5,,,,,,,,,,,
,programas_municipios,2,2014,570,455,8,,,,,,,,,,,
,programas_municipios,2,2016,570,410,3,,,,,,,,,,,
,programas_municipios,2,2018,570,-,8,,,,,,,,,,,
,programas_municipios,2,2020,570,-,48,,,,,,,,,,,
,programas_municipios,2,2022,570,-,22,,,,,,,,,,,
Puebla,programas_municipios,2,2010,217,202,14,,,,,,,,,,,
,programas_municipios,2,2012,217,209,2,,,,,,,,,,,
,programas_municipios,2,2014,217,212,9,,,,,,,,,,,
,programas_municipios,2,2016,217,210,9,,,,,,,,,,,
,programas_municipios,2,2018,217,-,6,,,,,,,,,,,
,programas_municipios,2,2020,217,-,12,,,,,,,,,,,
,programas_municipios,2,2022,217,-,22,,,,,,,,,,,
Querétaro,programas_municipios,2,2010,18,14,8,,,,,,,,,,,
,programas_municipios,2,2012,18,14,0,,,,,,,,,,,
,programas_municipios,2,2014,18,18,2,,,,,,,,,,,
,programas_municipios,2,2016,18,18,5,,,,,,,,,,,
,programas_municipios,2,2018,18,-,10,,,,,,,,,,,
,programas_municipios,2,2020,18,-,12,,,,,,,,,,,
,programas_municipios,2,2022,18,-,12,,,,,,,,,,,
Quintana Roo,programas_municipios,2,2010,9,9,2,,,,,,,,,,,
,programas_municipios,2,2012,10,10,1,,,,,,,,,,,
,programas_municipios,2,2016,11,8,5,,,,,,,,,,,
,programas_municipios,2,2018,11,-,10,,,,,,,,,,,
,programas_municipios,2,2020,11,-,8,,,,,,,,,,,
San Luis Potosí,programas_municipios,2,2010,58,55,5,,,,,,,,,,,
,programas_municipios,2,2012,58,57,0,,,,,,,,,,,
,programas_municipios,2,2014,58,57,3,,,,,,,,,,,
,programas_municipios,2,2016,58,57,5,,,,,,,,,,,
,programas_municipios,2,2018,58,-,12,,,,,,,,,,,
,programas_municipios,2,2020,58,-,6,,,,,,,,,,,
,programas_municipios,2,2022,58,-,6,,,,,,,,,,,
Sinaloa,programas_municipios,2,2010,18,18,4,,,,,,,,,,,
,programas_municipios,2,2012,18,18,0,,,,,,,,,,,
,programas_municipios,2,2014,18,18,0,,,,,,,,,,,
,programas_municipios,2,2016,18,18,0,,,,,,,,,,,
,programas_municipios,2,2018,18,-,2,,,,,,,,,,,
,programas_municipios,2,2020,18,-,2,,,,,,,,,,,
,programas_municipios,2,2022,18,-,2,,,,,,,,,,,
Sonora,programas_municipios,2,2010,72,72,2,,,,,,,,,,,
,programas_municipios,2,2012,72,71,0,,,,,,,,,,,
,programas_municipios,2,2014,72,71,0,,,,,,,,,,,
,programas_municipios,2,2016,72,71,1,,,,,,,,,,,
,programas_municipios,2,2018,72,-,0,,,,,,,,,,,
,programas_municipios,2,2020,72,-,4,,,,,,,,,,,
,programas_municipios,2,2022,72,-,0,,,,,,,,,,,
Tabasco,programas_municipios,2,2010,17,16,6,,,,,,,,,,,
,programas_municipios,2,2012,17,16,1,,,,,,,,,,,
,programas_municipios,2,2014,17,16,2,,,,,,,,,,,
,programas_municipios,2,2016,17,15,4,,,,,,,,,,,
,programas_municipios,2,2018,17,-,2,,,,,,,,,,,
,programas_municipios,2,2020,17,-,2,,,,,,,,,,,
,programas_municipios,2,2022,17,-,6,,,,,,,,,,,
Tamaulipas,programas_municipios,2,2010,43,40,4,,,,,,,,,,,
,programas_municipios,2,2012,43,40,2,,,,,,,,,,,
,programas_municipios,2,2014,43,40,4,,,,,,,,,,,
,programas_municipios,2,2016,43,42,1,,,,,,,,,,,
,programas_municipios,2,2018,43,-,2,,,,,,,,,,,
,programas_municipios,2,2020,43,-,0,,,,,,,,,,,
,programas_municipios,2,2022,43,-,6,,,,,,,,,,,
Tlaxcala,programas_municipios,2,2010,60,60,0,,,,,,,,,,,
,programas_municipios,2,2012,60,60,3,,,,,,,,,,,
,programas_municipios,2,2014,60,60,1,,,,,,,,,,,
,programas_municipios,2,2016,60,60,1,,,,,,,,,,,
,programas_municipios,2,2018,60,-,6,,,,,,,,,,,
,programas_municipios,2,2020,60,-,8,,,,,,,,,,,
,programas_municipios,2,2022,60,-,6,,,,,,,,,,,
Veracruz,programas_municipios,2,2010,212,179,6,,,,,,,,,,,
,programas_municipios,2,2012,212,199,5,,,,,,,,,,,
,programas_municipios,2,2014,212,194,2,,,,,,,,,,,
,programas_municipios,2,2016,212,200,12,,,,,,,,,,,
,programas_municipios,2,2018,212,-,18,,,,,,,,,,,
,programas_municipios,2,2020,212,-,18,,,,,,,,,,,
,programas_municipios,2,2022,212,-,30,,,,,,,,,,,
Yucatán,programas_municipios,2,2010,106,102,10,,,,,,,,,,,
,programas_municipios,2,2012,106,104,0,,,,,,,,,,,
,programas_municipios,2,2014,106,105,3,,,,,,,,,,,
,programas_municipios,2,2016,106,104,9,,,,,,,,,,,
,programas_municipios,2,2018,106,-,34,,,,,,,,,,,
,programas_municipios,2,2020,106,-,28,,,,,,,,,,,
,programas_municipios,2,2022,106,-,20,,,,,,,,,,,
Zacatecas,programas_municipios,2,2010,58,56,10,,,,,,,,,,,
,programas_municipios,2,2012,58,55,1,,,,,,,,,,,
,programas_municipios,2,2014,58,57,1,,,,,,,,,,,
,programas_municipios,2,2016,58,57,1,,,,,,,,,,,
,programas_municipios,2,2018,58,-,2,,,,,,,,,,,
,programas_municipios,2,2020,58,-,0,,,,,,,,,,,
,programas_municipios,2,2022,58,-,0,,,,,,,,,,,
Nacional,programas_municipios,2,2010,"2,456","2,140",314,,,,,,,,,,,
,programas_municipios,2,2012,"2,457","2,233",74,,,,,,,,,,,
,programas_municipios,2,2014,"2,457","2,266",108,,,,,,,,,,,
,programas_municipios,2,2016,"2,458","2,212",178,,,,,,,,,,,
,programas_municipios,2,2018,"2,463",-,252,,,,,,,,,,,
,programas_municipios,2,2020,"2,469",-,286,,,,,,,,,,,
,programas_municipios,2,2022,"2,475",-,280,,,,,,,,,,,
,programas_municipios,3,,,,,,,,,,,,,Número de municipios en entidades federativas con programas orientados a la gestión integral de los residuos sólidos urbanos,"Los datos proceden del Censo Nacional de Gobiernos Municipales y Delegacionales (Módulo de Residuos Sólidos Urbanos), actualmente conocido como Censo Nacional de Gobiernos Municipales y Demarcaciones Territoriales de la Ciudad de México, realizado por el Instituto Nacional de Estadística y Geografía (INEGI). Se presenta la información más reciente disponible (revisión: Noviembre, 2025).Se considera tanto el Programa Municipal para la Prevención y Gestión Integral de los Residuos Sólidos Urbanos 
(PMPGIRSU), como algún otro programa en la materia. En la información por municipio, se presentan solo aquellos con programas de gestión.Conforme a la fuente, los siguientes municipios no proporcionaron información. En 2010, Urique, Chihuahua; Canelas, Durango; Tecámac, estado de México; Xicoténcatl, Tamaulipas; Actopan, Cosoleacaque, Isla, Moloacán, Pueblo Viejo, San Juan Evangelista, Soteapan, José Azueta, Tlacojalpan, Tlacotalpan y Carlos A. Carrillo de Veracruz. En 2012, Chamula, Chiapas; 
Tezoyuca y Tultepec, México; Boca del Río y Yanga, Veracruz. En 2014, Matías Romero Avendaño y San Antonio de la Cal, Oaxaca. En 2016, Chamula, Chiapas; Ánimas Trujano, San Raymundo Jalpan, Santa Cruz Xoxocotlán y Santa Lucía del Camino, Oaxaca; Cerro Azul, Veracruz. En 2018, Arriaga, El Bosque, Oxchuc, Pueblo Nuevo Solistahuacán y Rincón Chamula San Pedro, Chiapas; Boca del Río, Veracruz. En 2022, Las Vigas, Ñuu Savi, Santa Cruz del Rincón y San Nicolás en Guerrero; San Pedro Mártir Yucuxaco y San Pedro 
Mixtepec en Oaxaca; y, Coyomeapan en Puebla.Con motivo de la reforma de la Constitución Política de los Estados Unidos Mexicanos publicada el 29 de enero de 2016 en el Diario Oficial de la Federación, el Distrito Federal cambió su denominación a Ciudad de México. La información correspondiente a dicha entidad se presenta con este nuevo nombre.",
,programas_municipios,3,,,,,,,,,,,,,Municipios con disponibilidad de servicios relacionados con los residuos sólidos urbanos,"Los datos proceden del Censo Nacional de Gobiernos Municipales y Delegacionales (Módulo de Residuos Sólidos Urbanos), actualmente conocido como Censo Nacional de Gobiernos Municipales y Demarcaciones Territoriales de la Ciudad de México, realizado por el Instituto Nacional de Estadística y Geografía (INEGI). Los resultados publicados de los Censos no mantienen la misma clasificación de los datos; en las ediciones más recientes (2018 y posteriores) se incluye información como disponibilidad de servicios 
solo de recolección, misma que se presenta en otra variable y reporte (revisión: Noviembre, 2025).La modalidad de servicio ""Tratamiento"", se refiere a los municipios que dicen enviar al menos una fracción de los residuos sólidos urbanos recolectados a una planta de tratamiento, donde reciben uno o más procesos.La fuente indica que los siguientes municipios no proporcionaron información: En 2010, Urique, Chihuahua; Canelas, Durango; Tecámac, estado de México; Xicoténcatl, Tamaulipas; Actopan, 
Cosoleacaque, Isla, Moloacán, Pueblo Viejo, San Juan Evangelista, Soteapan, José Azueta, Tlacojalpan, Tlacotalpan y Carlos A. Carrillo, Veracruz de Ignacio de la Llave. En 2012, Chamula, Chiapas; Tezoyuca y Tultepec, México; Boca del Río y Yanga, Veracruz de Ignacio de la Llave. En 2014, Matías Romero Avendaño y San Antonio de la Cal de Oaxaca. En 2016, Chamula, Chiapas; Ánimas Trujano, San Raymundo Jalpan, Santa Cruz Xoxocotlán y Santa Lucía del Camino, Oaxaca; Cerro Azul, Veracruz.Con motivo de 
la reforma de la Constitución Política de los Estados Unidos Mexicanos publicada el 29 de enero de 2016 en el Diario Oficial de la Federación, el Distrito Federal cambió su denominación a Ciudad de México. La información correspondiente a dicha entidad se presenta con este nuevo nombre.",
,programas_municipios,4,,,,,,,,,,,,,,,"Instituto Nacional de Estadística y Geografía, Censo Nacional de Gobiernos Municipales y Demarcaciones Territoriales de la Ciudad de México, consultado en: https://www.inegi.org.mx/programas/cngmd/2023/, 12-12-2024."
,programas_municipios,5,,,,,,,,,,,,,,,
,programas_municipios,6,,,,,,,,,,,,,,,
,programas_municipios,7,,,,,,,,,,,,,,,
,programas_municipios,8,,,,,,,,,,,,,,,
,programas_municipios,9,,,,,,,,,,,,,,,
,programas_municipios,10,,,,,,,,,,,,,,,
,programas_municipios,11,,,,,,,,,,,,,,,
,programas_municipios,12,,,,,,,,,,,,,,,
,programas_municipios,13,,,,,,,,,,,,,,,
,programas_municipios,14,,,,,,,,,,,,,,,
,programas_municipios,15,,,,,,,,,,,,,,,
