colonia,municipio,estado,anio,mes,tipo_residuo,toneladas_recolectadas,num_viajes,cobertura_pct,canon_cercano,fuente
Zona Centro,Tijuana,Baja California,2021,Agosto,Plastico,39.98,14,88.8,Canon La Morita,Ayuntamiento Tijuana / SEMARNAT
Zona Centro,Tijuana,Baja California,2021,Marzo,Metal,11.41,16,73.5,Canon Matamoros,Ayuntamiento Tijuana / SEMARNAT
Zona Centro,Tijuana,Baja California,2021,Octubre,Sanitario,27.9,7,71.8,N/A,Ayuntamiento Tijuana / SEMARNAT
Zona Centro,Tijuana,Baja California,2021,Mayo,Papel/Carton,23.61,7,86.2,N/A,Ayuntamiento Tijuana / SEMARNAT
Zona Centro,Tijuana,Baja California,2022,Agosto,Plastico,39.1,2,89.3,N/A,Ayuntamiento Tijuana / SEMARNAT
Zona Centro,Tijuana,Baja California,2022,Noviembre,Vidrio,21.23,5,89.0,Canon El Refugio,Ayuntamiento Tijuana / SEMARNAT
Zona Centro,Tijuana,Baja California,2022,Marzo,Papel/Carton,15.87,7,72.4,Canon El Refugio,Ayuntamiento Tijuana / SEMARNAT
Zona Centro,Tijuana,Baja California,2022,Septiembre,Papel/Carton,25.76,14,68.7,Canon Los Laureles,Ayuntamiento Tijuana / SEMARNAT
Zona Centro,Tijuana,Baja California,2023,Diciembre,Mixto,23.0,19,90.6,Canon El Refugio,Ayuntamiento Tijuana / SEMARNAT
Zona Centro,Tijuana,Baja California,2023,Abril,Metal,5.49,20,89.7,Canon El Florido,Ayuntamiento Tijuana / SEMARNAT
Zona Centro,Tijuana,Baja California,2023,Enero,Vidrio,16.77,7,74.0,Canon Matamoros,Ayuntamiento Tijuana / SEMARNAT
Zona Centro,Tijuana,Baja California,2023,Mayo,Mixto,28.45,9,74.7,Canon La Morita,Ayuntamiento Tijuana / SEMARNAT
Otay,Tijuana,Baja California,2021,Junio,Papel/Carton,41.64,19,86.1,Canon Los Laureles,Ayuntamiento Tijuana / SEMARNAT
Otay,Tijuana,Baja California,2021,Agosto,Mixto,8.23,5,76.6,Canon El Florido,Ayuntamiento Tijuana / SEMARNAT
Otay,Tijuana,Baja California,2021,Marzo,Papel/Carton,10.67,7,90.5,Canon El Florido,Ayuntamiento Tijuana / SEMARNAT
Otay,Tijuana,Baja California,2021,Octubre,Sanitario,21.02,9,78.3,Canon El Refugio,Ayuntamiento Tijuana / SEMARNAT
Otay,Tijuana,Baja California,2022,Noviembre,Papel/Carton,13.96,5,81.5,N/A,Ayuntamiento Tijuana / SEMARNAT
Otay,Tijuana,Baja California,2022,Julio,Papel/Carton,23.97,16,68.3,Canon El Florido,Ayuntamiento Tijuana / SEMARNAT
Otay,Tijuana,Baja California,2022,Abril,Mixto,17.79,17,92.3,Canon La Morita,Ayuntamiento Tijuana / SEMARNAT
Otay,Tijuana,Baja California,2022,Febrero,Papel/Carton,33.88,2,82.0,N/A,Ayuntamiento Tijuana / SEMARNAT
Otay,Tijuana,Baja California,2023,Septiembre,Plastico,2.98,5,95.9,Canon El Florido,Ayuntamiento Tijuana / SEMARNAT
Otay,Tijuana,Baja California,2023,Julio,Sanitario,27.87,3,96.0,Canon El Florido,Ayuntamiento Tijuana / SEMARNAT
Otay,Tijuana,Baja California,2023,Febrero,Plastico,22.22,6,66.2,Canon El Florido,Ayuntamiento Tijuana / SEMARNAT
Otay,Tijuana,Baja California,2023,Octubre,Metal,5.14,20,81.3,Canon Matamoros,Ayuntamiento Tijuana / SEMARNAT
La Mesa,Tijuana,Baja California,2021,Noviembre,Metal,8.5,11,60.0,Canon La Morita,Ayuntamiento Tijuana / SEMARNAT
La Mesa,Tijuana,Baja California,2021,Enero,Organico,8.61,4,84.1,Canon Matamoros,Ayuntamiento Tijuana / SEMARNAT
La Mesa,Tijuana,Baja California,2021,Octubre,Sanitario,28.08,7,82.0,N/A,Ayuntamiento Tijuana / SEMARNAT
La Mesa,Tijuana,Baja California,2021,Febrero,Plastico,21.01,16,71.9,N/A,Ayuntamiento Tijuana / SEMARNAT
La Mesa,Tijuana,Baja California,2022,Agosto,Vidrio,26.59,15,92.8,Canon Matamoros,Ayuntamiento Tijuana / SEMARNAT
La Mesa,Tijuana,Baja California,2022,Noviembre,Sanitario,6.45,7,66.1,Canon El Refugio,Ayuntamiento Tijuana / SEMARNAT
La Mesa,Tijuana,Baja California,2022,Diciembre,Plastico,33.99,12,77.3,Canon Los Laureles,Ayuntamiento Tijuana / SEMARNAT
La Mesa,Tijuana,Baja California,2022,Abril,Organico,15.42,1,89.4,Canon Matamoros,Ayuntamiento Tijuana / SEMARNAT
La Mesa,Tijuana,Baja California,2023,Julio,Metal,21.18,16,80.8,Canon Los Laureles,Ayuntamiento Tijuana / SEMARNAT
La Mesa,Tijuana,Baja California,2023,Noviembre,Vidrio,15.28,17,72.9,Canon La Morita,Ayuntamiento Tijuana / SEMARNAT
La Mesa,Tijuana,Baja California,2023,Enero,Sanitario,33.12,8,83.0,Canon Los Laureles,Ayuntamiento Tijuana / SEMARNAT
La Mesa,Tijuana,Baja California,2023,Abril,Mixto,35.9,14,62.6,Canon El Florido,Ayuntamiento Tijuana / SEMARNAT
Playas de Tijuana,Tijuana,Baja California,2021,Marzo,Papel/Carton,22.53,12,91.6,Canon El Refugio,Ayuntamiento Tijuana / SEMARNAT
Playas de Tijuana,Tijuana,Baja California,2021,Enero,Vidrio,27.79,6,61.4,Canon Los Laureles,Ayuntamiento Tijuana / SEMARNAT
Playas de Tijuana,Tijuana,Baja California,2021,Junio,Organico,16.67,6,79.2,Canon Los Laureles,Ayuntamiento Tijuana / SEMARNAT
Playas de Tijuana,Tijuana,Baja California,2021,Mayo,Organico,29.85,1,90.8,Canon La Morita,Ayuntamiento Tijuana / SEMARNAT
Playas de Tijuana,Tijuana,Baja California,2022,Abril,Mixto,25.74,7,81.6,Canon Los Laureles,Ayuntamiento Tijuana / SEMARNAT
Playas de Tijuana,Tijuana,Baja California,2022,Febrero,Vidrio,5.07,20,86.8,Canon La Morita,Ayuntamiento Tijuana / SEMARNAT
Playas de Tijuana,Tijuana,Baja California,2022,Junio,Vidrio,25.37,8,95.7,Canon Matamoros,Ayuntamiento Tijuana / SEMARNAT
Playas de Tijuana,Tijuana,Baja California,2022,Septiembre,Organico,9.35,18,81.8,Canon El Refugio,Ayuntamiento Tijuana / SEMARNAT
Playas de Tijuana,Tijuana,Baja California,2023,Octubre,Mixto,13.49,9,82.5,Canon El Refugio,Ayuntamiento Tijuana / SEMARNAT
Playas de Tijuana,Tijuana,Baja California,2023,Marzo,Sanitario,5.46,13,88.9,Canon La Morita,Ayuntamiento Tijuana / SEMARNAT
Playas de Tijuana,Tijuana,Baja California,2023,Abril,Metal,23.73,8,91.3,Canon La Morita,Ayuntamiento Tijuana / SEMARNAT
Playas de Tijuana,Tijuana,Baja California,2023,Septiembre,Plastico,19.24,15,81.8,Canon La Morita,Ayuntamiento Tijuana / SEMARNAT
Camino Verde,Tijuana,Baja California,2021,Noviembre,Sanitario,24.57,9,74.5,N/A,Ayuntamiento Tijuana / SEMARNAT
Camino Verde,Tijuana,Baja California,2021,Diciembre,Plastico,12.2,17,65.1,Canon La Morita,Ayuntamiento Tijuana / SEMARNAT
Camino Verde,Tijuana,Baja California,2021,Abril,Papel/Carton,31.12,5,89.0,Canon Matamoros,Ayuntamiento Tijuana / SEMARNAT
Camino Verde,Tijuana,Baja California,2021,Agosto,Plastico,21.13,9,71.3,N/A,Ayuntamiento Tijuana / SEMARNAT
Camino Verde,Tijuana,Baja California,2022,Septiembre,Vidrio,36.43,1,82.7,Canon El Refugio,Ayuntamiento Tijuana / SEMARNAT
Camino Verde,Tijuana,Baja California,2022,Julio,Sanitario,3.35,5,63.9,Canon Matamoros,Ayuntamiento Tijuana / SEMARNAT
Camino Verde,Tijuana,Baja California,2022,Mayo,Papel/Carton,8.99,3,88.8,Canon La Morita,Ayuntamiento Tijuana / SEMARNAT
Camino Verde,Tijuana,Baja California,2022,Marzo,Organico,36.38,9,85.5,Canon Matamoros,Ayuntamiento Tijuana / SEMARNAT
Camino Verde,Tijuana,Baja California,2023,Abril,Sanitario,21.52,9,62.6,Canon Los Laureles,Ayuntamiento Tijuana / SEMARNAT
Camino Verde,Tijuana,Baja California,2023,Julio,Organico,26.89,5,88.5,Canon Matamoros,Ayuntamiento Tijuana / SEMARNAT
Camino Verde,Tijuana,Baja California,2023,Marzo,Mixto,29.2,8,88.7,Canon El Florido,Ayuntamiento Tijuana / SEMARNAT
Camino Verde,Tijuana,Baja California,2023,Diciembre,Plastico,13.65,5,91.0,Canon El Refugio,Ayuntamiento Tijuana / SEMARNAT
Sanchez Taboada,Tijuana,Baja California,2021,Noviembre,Vidrio,15.12,11,80.8,Canon El Florido,Ayuntamiento Tijuana / SEMARNAT
Sanchez Taboada,Tijuana,Baja California,2021,Febrero,Organico,27.31,13,65.3,Canon La Morita,Ayuntamiento Tijuana / SEMARNAT
Sanchez Taboada,Tijuana,Baja California,2021,Marzo,Plastico,23.01,9,68.3,Canon Matamoros,Ayuntamiento Tijuana / SEMARNAT
Sanchez Taboada,Tijuana,Baja California,2021,Junio,Plastico,31.77,18,67.3,Canon El Florido,Ayuntamiento Tijuana / SEMARNAT
Sanchez Taboada,Tijuana,Baja California,2022,Noviembre,Sanitario,27.94,4,97.4,Canon Matamoros,Ayuntamiento Tijuana / SEMARNAT
Sanchez Taboada,Tijuana,Baja California,2022,Abril,Vidrio,2.0,5,70.5,Canon La Morita,Ayuntamiento Tijuana / SEMARNAT
Sanchez Taboada,Tijuana,Baja California,2022,Mayo,Vidrio,15.96,16,93.7,Canon Matamoros,Ayuntamiento Tijuana / SEMARNAT
Sanchez Taboada,Tijuana,Baja California,2022,Enero,Vidrio,40.86,2,85.9,Canon La Morita,Ayuntamiento Tijuana / SEMARNAT
Sanchez Taboada,Tijuana,Baja California,2023,Marzo,Metal,22.14,6,62.5,N/A,Ayuntamiento Tijuana / SEMARNAT
Sanchez Taboada,Tijuana,Baja California,2023,Julio,Metal,12.43,6,76.7,Canon La Morita,Ayuntamiento Tijuana / SEMARNAT
Sanchez Taboada,Tijuana,Baja California,2023,Agosto,Metal,0.8,4,76.1,Canon La Morita,Ayuntamiento Tijuana / SEMARNAT
Sanchez Taboada,Tijuana,Baja California,2023,Junio,Mixto,29.77,3,86.9,Canon Los Laureles,Ayuntamiento Tijuana / SEMARNAT
Mariano Matamoros,Tijuana,Baja California,2021,Noviembre,Metal,22.85,8,85.5,N/A,Ayuntamiento Tijuana / SEMARNAT
Mariano Matamoros,Tijuana,Baja California,2021,Agosto,Papel/Carton,29.68,10,78.6,Canon Matamoros,Ayuntamiento Tijuana / SEMARNAT
Mariano Matamoros,Tijuana,Baja California,2021,Diciembre,Organico,30.62,18,78.0,Canon El Florido,Ayuntamiento Tijuana / SEMARNAT
Mariano Matamoros,Tijuana,Baja California,2021,Abril,Papel/Carton,29.36,11,69.5,Canon Los Laureles,Ayuntamiento Tijuana / SEMARNAT
Mariano Matamoros,Tijuana,Baja California,2022,Marzo,Papel/Carton,15.89,5,62.0,Canon Los Laureles,Ayuntamiento Tijuana / SEMARNAT
Mariano Matamoros,Tijuana,Baja California,2022,Octubre,Metal,14.56,11,67.4,Canon La Morita,Ayuntamiento Tijuana / SEMARNAT
Mariano Matamoros,Tijuana,Baja California,2022,Septiembre,Mixto,20.71,2,97.4,Canon Los Laureles,Ayuntamiento Tijuana / SEMARNAT
Mariano Matamoros,Tijuana,Baja California,2022,Noviembre,Mixto,22.01,9,74.9,Canon El Refugio,Ayuntamiento Tijuana / SEMARNAT
Mariano Matamoros,Tijuana,Baja California,2023,Abril,Papel/Carton,1.09,12,88.5,Canon El Florido,Ayuntamiento Tijuana / SEMARNAT
Mariano Matamoros,Tijuana,Baja California,2023,Noviembre,Organico,15.74,20,77.1,Canon Los Laureles,Ayuntamiento Tijuana / SEMARNAT
Mariano Matamoros,Tijuana,Baja California,2023,Marzo,Sanitario,30.47,17,75.7,N/A,Ayuntamiento Tijuana / SEMARNAT
Mariano Matamoros,Tijuana,Baja California,2023,Octubre,Mixto,20.17,5,91.8,Canon Matamoros,Ayuntamiento Tijuana / SEMARNAT
Los Laureles,Tijuana,Baja California,2021,Noviembre,Vidrio,20.65,8,95.1,N/A,Ayuntamiento Tijuana / SEMARNAT
Los Laureles,Tijuana,Baja California,2021,Julio,Vidrio,37.88,17,91.0,Canon La Morita,Ayuntamiento Tijuana / SEMARNAT
Los Laureles,Tijuana,Baja California,2021,Agosto,Mixto,34.38,12,83.9,Canon Matamoros,Ayuntamiento Tijuana / SEMARNAT
Los Laureles,Tijuana,Baja California,2021,Diciembre,Mixto,16.58,11,93.8,Canon El Refugio,Ayuntamiento Tijuana / SEMARNAT
Los Laureles,Tijuana,Baja California,2022,Octubre,Sanitario,18.62,13,79.0,Canon La Morita,Ayuntamiento Tijuana / SEMARNAT
Los Laureles,Tijuana,Baja California,2022,Diciembre,Organico,1.32,17,94.2,N/A,Ayuntamiento Tijuana / SEMARNAT
Los Laureles,Tijuana,Baja California,2022,Agosto,Sanitario,40.31,6,88.6,Canon El Florido,Ayuntamiento Tijuana / SEMARNAT
Los Laureles,Tijuana,Baja California,2022,Mayo,Organico,36.19,9,62.3,Canon La Morita,Ayuntamiento Tijuana / SEMARNAT
Los Laureles,Tijuana,Baja California,2023,Marzo,Papel/Carton,35.19,5,96.7,Canon Los Laureles,Ayuntamiento Tijuana / SEMARNAT
Los Laureles,Tijuana,Baja California,2023,Abril,Papel/Carton,41.29,12,63.2,Canon La Morita,Ayuntamiento Tijuana / SEMARNAT
Los Laureles,Tijuana,Baja California,2023,Noviembre,Metal,8.07,12,69.6,Canon Los Laureles,Ayuntamiento Tijuana / SEMARNAT
Los Laureles,Tijuana,Baja California,2023,Septiembre,Mixto,36.6,17,88.9,Canon El Refugio,Ayuntamiento Tijuana / SEMARNAT
El Florido,Tijuana,Baja California,2021,Agosto,Sanitario,34.83,12,70.1,Canon Los Laureles,Ayuntamiento Tijuana / SEMARNAT
El Florido,Tijuana,Baja California,2021,Octubre,Vidrio,40.98,8,73.9,Canon Los Laureles,Ayuntamiento Tijuana / SEMARNAT
El Florido,Tijuana,Baja California,2021,Abril,Plastico,9.8,3,82.4,Canon Los Laureles,Ayuntamiento Tijuana / SEMARNAT
El Florido,Tijuana,Baja California,2021,Enero,Vidrio,4.07,3,68.7,Canon Los Laureles,Ayuntamiento Tijuana / SEMARNAT
El Florido,Tijuana,Baja California,2022,Marzo,Sanitario,9.31,16,91.5,Canon Matamoros,Ayuntamiento Tijuana / SEMARNAT
El Florido,Tijuana,Baja California,2022,Noviembre,Metal,3.99,14,88.8,Canon El Refugio,Ayuntamiento Tijuana / SEMARNAT
El Florido,Tijuana,Baja California,2022,Agosto,Metal,12.35,5,69.2,N/A,Ayuntamiento Tijuana / SEMARNAT
El Florido,Tijuana,Baja California,2022,Abril,Plastico,7.4,1,86.4,N/A,Ayuntamiento Tijuana / SEMARNAT
El Florido,Tijuana,Baja California,2023,Marzo,Sanitario,19.9,6,74.7,Canon El Refugio,Ayuntamiento Tijuana / SEMARNAT
El Florido,Tijuana,Baja California,2023,Mayo,Metal,28.84,9,80.6,Canon Matamoros,Ayuntamiento Tijuana / SEMARNAT
El Florido,Tijuana,Baja California,2023,Julio,Plastico,15.0,12,63.1,Canon El Refugio,Ayuntamiento Tijuana / SEMARNAT
El Florido,Tijuana,Baja California,2023,Abril,Organico,26.33,5,79.8,Canon El Refugio,Ayuntamiento Tijuana / SEMARNAT
La Morita,Tijuana,Baja California,2021,Febrero,Vidrio,32.57,19,81.7,N/A,Ayuntamiento Tijuana / SEMARNAT
La Morita,Tijuana,Baja California,2021,Octubre,Vidrio,43.58,16,72.3,Canon Matamoros,Ayuntamiento Tijuana / SEMARNAT
La Morita,Tijuana,Baja California,2021,Noviembre,Papel/Carton,37.97,17,69.0,Canon El Florido,Ayuntamiento Tijuana / SEMARNAT
La Morita,Tijuana,Baja California,2021,Julio,Plastico,27.8,14,61.0,Canon El Refugio,Ayuntamiento Tijuana / SEMARNAT
La Morita,Tijuana,Baja California,2022,Diciembre,Papel/Carton,33.57,6,86.2,Canon Matamoros,Ayuntamiento Tijuana / SEMARNAT
La Morita,Tijuana,Baja California,2022,Septiembre,Papel/Carton,10.76,19,84.5,Canon Matamoros,Ayuntamiento Tijuana / SEMARNAT
La Morita,Tijuana,Baja California,2022,Junio,Vidrio,42.72,15,73.1,N/A,Ayuntamiento Tijuana / SEMARNAT
La Morita,Tijuana,Baja California,2022,Enero,Organico,20.95,17,93.5,Canon La Morita,Ayuntamiento Tijuana / SEMARNAT
La Morita,Tijuana,Baja California,2023,Enero,Plastico,29.13,15,76.2,Canon Los Laureles,Ayuntamiento Tijuana / SEMARNAT
La Morita,Tijuana,Baja California,2023,Octubre,Plastico,22.0,18,75.9,Canon La Morita,Ayuntamiento Tijuana / SEMARNAT
La Morita,Tijuana,Baja California,2023,Abril,Metal,32.53,3,65.8,Canon Los Laureles,Ayuntamiento Tijuana / SEMARNAT
La Morita,Tijuana,Baja California,2023,Agosto,Metal,43.65,18,61.2,N/A,Ayuntamiento Tijuana / SEMARNAT
Terrazas del Valle,Tijuana,Baja California,2021,Agosto,Plastico,4.23,13,65.7,Canon Matamoros,Ayuntamiento Tijuana / SEMARNAT
Terrazas del Valle,Tijuana,Baja California,2021,Noviembre,Papel/Carton,14.35,11,85.0,Canon La Morita,Ayuntamiento Tijuana / SEMARNAT
Terrazas del Valle,Tijuana,Baja California,2021,Abril,Vidrio,43.5,15,69.2,Canon El Refugio,Ayuntamiento Tijuana / SEMARNAT
Terrazas del Valle,Tijuana,Baja California,2021,Marzo,Vidrio,4.01,2,61.5,Canon La Morita,Ayuntamiento Tijuana / SEMARNAT
Terrazas del Valle,Tijuana,Baja California,2022,Marzo,Mixto,43.52,19,65.3,Canon El Florido,Ayuntamiento Tijuana / SEMARNAT
Terrazas del Valle,Tijuana,Baja California,2022,Noviembre,Organico,36.79,6,92.4,Canon Los Laureles,Ayuntamiento Tijuana / SEMARNAT
Terrazas del Valle,Tijuana,Baja California,2022,Abril,Papel/Carton,1.21,4,81.2,Canon El Florido,Ayuntamiento Tijuana / SEMARNAT
Terrazas del Valle,Tijuana,Baja California,2022,Enero,Mixto,37.5,20,83.1,Canon El Refugio,Ayuntamiento Tijuana / SEMARNAT
Terrazas del Valle,Tijuana,Baja California,2023,Abril,Papel/Carton,33.14,12,74.7,Canon La Morita,Ayuntamiento Tijuana / SEMARNAT
Terrazas del Valle,Tijuana,Baja California,2023,Agosto,Organico,3.94,17,91.7,Canon El Refugio,Ayuntamiento Tijuana / SEMARNAT
Terrazas del Valle,Tijuana,Baja California,2023,Diciembre,Papel/Carton,14.63,18,67.6,Canon El Refugio,Ayuntamiento Tijuana / SEMARNAT
Terrazas del Valle,Tijuana,Baja California,2023,Enero,Plastico,4.63,4,92.8,N/A,Ayuntamiento Tijuana / SEMARNAT
Lomas del Porvenir,Tijuana,Baja California,2021,Noviembre,Mixto,24.0,8,75.1,Canon La Morita,Ayuntamiento Tijuana / SEMARNAT
Lomas del Porvenir,Tijuana,Baja California,2021,Abril,Mixto,10.08,13,85.4,Canon Los Laureles,Ayuntamiento Tijuana / SEMARNAT
Lomas del Porvenir,Tijuana,Baja California,2021,Octubre,Plastico,11.51,1,71.4,Canon Los Laureles,Ayuntamiento Tijuana / SEMARNAT
Lomas del Porvenir,Tijuana,Baja California,2021,Junio,Sanitario,26.73,20,69.5,Canon La Morita,Ayuntamiento Tijuana / SEMARNAT
Lomas del Porvenir,Tijuana,Baja California,2022,Noviembre,Organico,44.54,2,70.4,N/A,Ayuntamiento Tijuana / SEMARNAT
Lomas del Porvenir,Tijuana,Baja California,2022,Diciembre,Papel/Carton,20.37,7,83.8,Canon Los Laureles,Ayuntamiento Tijuana / SEMARNAT
Lomas del Porvenir,Tijuana,Baja California,2022,Julio,Metal,10.81,18,69.2,Canon La Morita,Ayuntamiento Tijuana / SEMARNAT
Lomas del Porvenir,Tijuana,Baja California,2022,Abril,Mixto,21.97,6,84.1,Canon La Morita,Ayuntamiento Tijuana / SEMARNAT
Lomas del Porvenir,Tijuana,Baja California,2023,Enero,Sanitario,18.77,14,75.0,Canon Los Laureles,Ayuntamiento Tijuana / SEMARNAT
Lomas del Porvenir,Tijuana,Baja California,2023,Septiembre,Plastico,14.49,19,70.0,Canon El Florido,Ayuntamiento Tijuana / SEMARNAT
Lomas del Porvenir,Tijuana,Baja California,2023,Diciembre,Mixto,30.26,20,87.2,Canon Matamoros,Ayuntamiento Tijuana / SEMARNAT
Lomas del Porvenir,Tijuana,Baja California,2023,Agosto,Metal,40.98,12,78.9,Canon El Florido,Ayuntamiento Tijuana / SEMARNAT
Hipódromo,Tijuana,Baja California,2021,Enero,Papel/Carton,6.66,13,93.4,N/A,Ayuntamiento Tijuana / SEMARNAT
Hipódromo,Tijuana,Baja California,2021,Julio,Papel/Carton,27.2,3,68.5,N/A,Ayuntamiento Tijuana / SEMARNAT
Hipódromo,Tijuana,Baja California,2021,Marzo,Sanitario,12.82,10,87.3,Canon El Refugio,Ayuntamiento Tijuana / SEMARNAT
Hipódromo,Tijuana,Baja California,2021,Noviembre,Papel/Carton,19.84,12,83.3,Canon Los Laureles,Ayuntamiento Tijuana / SEMARNAT
Hipódromo,Tijuana,Baja California,2022,Mayo,Mixto,8.91,7,83.3,Canon Matamoros,Ayuntamiento Tijuana / SEMARNAT
Hipódromo,Tijuana,Baja California,2022,Enero,Vidrio,8.58,17,94.0,N/A,Ayuntamiento Tijuana / SEMARNAT
Hipódromo,Tijuana,Baja California,2022,Agosto,Mixto,3.84,1,64.3,N/A,Ayuntamiento Tijuana / SEMARNAT
Hipódromo,Tijuana,Baja California,2022,Noviembre,Organico,36.27,10,89.4,Canon El Refugio,Ayuntamiento Tijuana / SEMARNAT
Hipódromo,Tijuana,Baja California,2023,Octubre,Organico,24.46,8,81.7,Canon El Refugio,Ayuntamiento Tijuana / SEMARNAT
Hipódromo,Tijuana,Baja California,2023,Diciembre,Organico,2.98,11,97.4,Canon Los Laureles,Ayuntamiento Tijuana / SEMARNAT
Hipódromo,Tijuana,Baja California,2023,Enero,Organico,19.49,3,85.1,Canon Matamoros,Ayuntamiento Tijuana / SEMARNAT
Hipódromo,Tijuana,Baja California,2023,Septiembre,Mixto,29.49,17,90.2,Canon Matamoros,Ayuntamiento Tijuana / SEMARNAT
Libertad,Tijuana,Baja California,2021,Enero,Organico,17.48,17,65.4,Canon El Refugio,Ayuntamiento Tijuana / SEMARNAT
Libertad,Tijuana,Baja California,2021,Agosto,Plastico,22.73,19,65.7,Canon El Florido,Ayuntamiento Tijuana / SEMARNAT
Libertad,Tijuana,Baja California,2021,Noviembre,Organico,13.63,10,75.0,Canon Los Laureles,Ayuntamiento Tijuana / SEMARNAT
Libertad,Tijuana,Baja California,2021,Octubre,Mixto,20.29,1,94.1,Canon Matamoros,Ayuntamiento Tijuana / SEMARNAT
Libertad,Tijuana,Baja California,2022,Agosto,Papel/Carton,38.89,12,68.3,Canon Los Laureles,Ayuntamiento Tijuana / SEMARNAT
Libertad,Tijuana,Baja California,2022,Enero,Plastico,13.81,17,96.5,Canon Matamoros,Ayuntamiento Tijuana / SEMARNAT
Libertad,Tijuana,Baja California,2022,Noviembre,Vidrio,12.46,15,67.9,Canon El Florido,Ayuntamiento Tijuana / SEMARNAT
Libertad,Tijuana,Baja California,2022,Mayo,Vidrio,33.68,2,88.6,Canon Los Laureles,Ayuntamiento Tijuana / SEMARNAT
Libertad,Tijuana,Baja California,2023,Febrero,Sanitario,0.83,14,69.2,Canon La Morita,Ayuntamiento Tijuana / SEMARNAT
Libertad,Tijuana,Baja California,2023,Julio,Vidrio,27.19,14,69.8,N/A,Ayuntamiento Tijuana / SEMARNAT
Libertad,Tijuana,Baja California,2023,Octubre,Vidrio,2.39,6,82.7,Canon Matamoros,Ayuntamiento Tijuana / SEMARNAT
Libertad,Tijuana,Baja California,2023,Enero,Vidrio,37.22,19,64.1,Canon El Refugio,Ayuntamiento Tijuana / SEMARNAT
Obrera,Tijuana,Baja California,2021,Abril,Papel/Carton,3.8,18,72.6,Canon El Refugio,Ayuntamiento Tijuana / SEMARNAT
Obrera,Tijuana,Baja California,2021,Marzo,Mixto,31.47,13,90.2,Canon Matamoros,Ayuntamiento Tijuana / SEMARNAT
Obrera,Tijuana,Baja California,2021,Enero,Sanitario,36.04,4,95.5,Canon La Morita,Ayuntamiento Tijuana / SEMARNAT
Obrera,Tijuana,Baja California,2021,Julio,Vidrio,3.41,12,88.1,Canon El Refugio,Ayuntamiento Tijuana / SEMARNAT
Obrera,Tijuana,Baja California,2022,Febrero,Vidrio,3.01,2,97.2,Canon Matamoros,Ayuntamiento Tijuana / SEMARNAT
Obrera,Tijuana,Baja California,2022,Mayo,Papel/Carton,21.87,7,60.4,Canon Los Laureles,Ayuntamiento Tijuana / SEMARNAT
Obrera,Tijuana,Baja California,2022,Agosto,Organico,2.03,11,79.7,N/A,Ayuntamiento Tijuana / SEMARNAT
Obrera,Tijuana,Baja California,2022,Junio,Sanitario,11.2,2,91.0,Canon Los Laureles,Ayuntamiento Tijuana / SEMARNAT
Obrera,Tijuana,Baja California,2023,Diciembre,Organico,26.12,7,82.5,Canon La Morita,Ayuntamiento Tijuana / SEMARNAT
Obrera,Tijuana,Baja California,2023,Febrero,Organico,33.41,16,93.9,Canon Los Laureles,Ayuntamiento Tijuana / SEMARNAT
Obrera,Tijuana,Baja California,2023,Noviembre,Sanitario,39.63,14,77.9,N/A,Ayuntamiento Tijuana / SEMARNAT
Obrera,Tijuana,Baja California,2023,Junio,Mixto,16.78,15,93.8,N/A,Ayuntamiento Tijuana / SEMARNAT
Guaycura,Tijuana,Baja California,2021,Febrero,Vidrio,35.63,15,60.9,Canon El Florido,Ayuntamiento Tijuana / SEMARNAT
Guaycura,Tijuana,Baja California,2021,Agosto,Sanitario,29.78,6,67.3,Canon La Morita,Ayuntamiento Tijuana / SEMARNAT
Guaycura,Tijuana,Baja California,2021,Diciembre,Organico,10.85,13,60.1,N/A,Ayuntamiento Tijuana / SEMARNAT
Guaycura,Tijuana,Baja California,2021,Enero,Organico,20.19,1,74.9,Canon La Morita,Ayuntamiento Tijuana / SEMARNAT
Guaycura,Tijuana,Baja California,2022,Junio,Sanitario,10.21,14,85.0,Canon El Florido,Ayuntamiento Tijuana / SEMARNAT
Guaycura,Tijuana,Baja California,2022,Julio,Organico,35.98,5,82.9,Canon La Morita,Ayuntamiento Tijuana / SEMARNAT
Guaycura,Tijuana,Baja California,2022,Mayo,Metal,12.43,12,77.6,N/A,Ayuntamiento Tijuana / SEMARNAT
Guaycura,Tijuana,Baja California,2022,Diciembre,Metal,41.32,20,86.5,Canon Matamoros,Ayuntamiento Tijuana / SEMARNAT
Guaycura,Tijuana,Baja California,2023,Diciembre,Organico,24.08,1,95.4,Canon Matamoros,Ayuntamiento Tijuana / SEMARNAT
Guaycura,Tijuana,Baja California,2023,Mayo,Vidrio,43.18,4,95.6,Canon El Refugio,Ayuntamiento Tijuana / SEMARNAT
Guaycura,Tijuana,Baja California,2023,Abril,Organico,28.64,19,94.2,Canon El Refugio,Ayuntamiento Tijuana / SEMARNAT
Guaycura,Tijuana,Baja California,2023,Marzo,Papel/Carton,43.24,5,64.3,Canon Los Laureles,Ayuntamiento Tijuana / SEMARNAT
Postal,Tijuana,Baja California,2021,Abril,Sanitario,41.23,18,87.2,Canon La Morita,Ayuntamiento Tijuana / SEMARNAT
Postal,Tijuana,Baja California,2021,Agosto,Mixto,20.45,5,90.8,Canon El Refugio,Ayuntamiento Tijuana / SEMARNAT
Postal,Tijuana,Baja California,2021,Enero,Metal,17.74,15,89.6,Canon La Morita,Ayuntamiento Tijuana / SEMARNAT
Postal,Tijuana,Baja California,2021,Junio,Mixto,5.74,14,68.1,N/A,Ayuntamiento Tijuana / SEMARNAT
Postal,Tijuana,Baja California,2022,Noviembre,Mixto,15.48,7,65.9,Canon Matamoros,Ayuntamiento Tijuana / SEMARNAT
Postal,Tijuana,Baja California,2022,Junio,Plastico,33.47,8,73.6,Canon La Morita,Ayuntamiento Tijuana / SEMARNAT
Postal,Tijuana,Baja California,2022,Abril,Plastico,28.4,1,77.6,Canon Los Laureles,Ayuntamiento Tijuana / SEMARNAT
Postal,Tijuana,Baja California,2022,Octubre,Papel/Carton,9.24,14,71.9,Canon Los Laureles,Ayuntamiento Tijuana / SEMARNAT
Postal,Tijuana,Baja California,2023,Agosto,Vidrio,1.37,8,97.8,Canon Los Laureles,Ayuntamiento Tijuana / SEMARNAT
Postal,Tijuana,Baja California,2023,Diciembre,Vidrio,16.71,6,71.8,Canon Matamoros,Ayuntamiento Tijuana / SEMARNAT
Postal,Tijuana,Baja California,2023,Septiembre,Papel/Carton,39.05,10,94.5,Canon El Florido,Ayuntamiento Tijuana / SEMARNAT
Postal,Tijuana,Baja California,2023,Noviembre,Plastico,14.74,7,86.8,Canon El Florido,Ayuntamiento Tijuana / SEMARNAT
Reforma,Tijuana,Baja California,2021,Agosto,Organico,27.59,3,63.6,N/A,Ayuntamiento Tijuana / SEMARNAT
Reforma,Tijuana,Baja California,2021,Noviembre,Papel/Carton,20.87,15,64.6,Canon La Morita,Ayuntamiento Tijuana / SEMARNAT
Reforma,Tijuana,Baja California,2021,Octubre,Papel/Carton,7.18,14,82.7,Canon Los Laureles,Ayuntamiento Tijuana / SEMARNAT
Reforma,Tijuana,Baja California,2021,Enero,Plastico,22.96,20,82.8,Canon Matamoros,Ayuntamiento Tijuana / SEMARNAT
Reforma,Tijuana,Baja California,2022,Noviembre,Sanitario,1.6,5,85.3,Canon Los Laureles,Ayuntamiento Tijuana / SEMARNAT
Reforma,Tijuana,Baja California,2022,Junio,Organico,8.8,4,80.2,N/A,Ayuntamiento Tijuana / SEMARNAT
Reforma,Tijuana,Baja California,2022,Septiembre,Mixto,14.25,2,64.0,Canon Los Laureles,Ayuntamiento Tijuana / SEMARNAT
Reforma,Tijuana,Baja California,2022,Diciembre,Plastico,40.0,11,86.3,Canon La Morita,Ayuntamiento Tijuana / SEMARNAT
Reforma,Tijuana,Baja California,2023,Noviembre,Metal,5.59,2,71.2,Canon Los Laureles,Ayuntamiento Tijuana / SEMARNAT
Reforma,Tijuana,Baja California,2023,Febrero,Plastico,2.96,16,83.3,Canon El Florido,Ayuntamiento Tijuana / SEMARNAT
Reforma,Tijuana,Baja California,2023,Enero,Metal,4.88,12,89.5,Canon El Florido,Ayuntamiento Tijuana / SEMARNAT
Reforma,Tijuana,Baja California,2023,Diciembre,Plastico,14.31,4,71.4,N/A,Ayuntamiento Tijuana / SEMARNAT
Buena Vista,Tijuana,Baja California,2021,Noviembre,Organico,24.3,11,93.0,Canon El Florido,Ayuntamiento Tijuana / SEMARNAT
Buena Vista,Tijuana,Baja California,2021,Julio,Sanitario,3.86,10,92.0,Canon Los Laureles,Ayuntamiento Tijuana / SEMARNAT
Buena Vista,Tijuana,Baja California,2021,Octubre,Vidrio,3.78,16,88.5,Canon La Morita,Ayuntamiento Tijuana / SEMARNAT
Buena Vista,Tijuana,Baja California,2021,Mayo,Sanitario,44.55,5,84.3,Canon Los Laureles,Ayuntamiento Tijuana / SEMARNAT
Buena Vista,Tijuana,Baja California,2022,Julio,Metal,18.43,7,81.7,Canon La Morita,Ayuntamiento Tijuana / SEMARNAT
Buena Vista,Tijuana,Baja California,2022,Enero,Vidrio,42.93,2,95.3,Canon Matamoros,Ayuntamiento Tijuana / SEMARNAT
Buena Vista,Tijuana,Baja California,2022,Agosto,Plastico,14.14,20,90.3,Canon Los Laureles,Ayuntamiento Tijuana / SEMARNAT
Buena Vista,Tijuana,Baja California,2022,Mayo,Sanitario,36.83,18,78.9,N/A,Ayuntamiento Tijuana / SEMARNAT
Buena Vista,Tijuana,Baja California,2023,Diciembre,Vidrio,25.4,16,89.8,Canon Matamoros,Ayuntamiento Tijuana / SEMARNAT
Buena Vista,Tijuana,Baja California,2023,Marzo,Organico,15.66,9,91.0,Canon El Florido,Ayuntamiento Tijuana / SEMARNAT
Buena Vista,Tijuana,Baja California,2023,Julio,Metal,5.62,14,84.0,Canon Matamoros,Ayuntamiento Tijuana / SEMARNAT
Buena Vista,Tijuana,Baja California,2023,Agosto,Vidrio,32.22,1,60.5,Canon Los Laureles,Ayuntamiento Tijuana / SEMARNAT
Presa Escondida,Tijuana,Baja California,2021,Julio,Plastico,35.22,8,81.3,Canon La Morita,Ayuntamiento Tijuana / SEMARNAT
Presa Escondida,Tijuana,Baja California,2021,Mayo,Mixto,38.25,20,89.4,N/A,Ayuntamiento Tijuana / SEMARNAT
Presa Escondida,Tijuana,Baja California,2021,Junio,Organico,19.92,5,83.4,N/A,Ayuntamiento Tijuana / SEMARNAT
Presa Escondida,Tijuana,Baja California,2021,Agosto,Plastico,41.43,2,79.3,Canon El Florido,Ayuntamiento Tijuana / SEMARNAT
Presa Escondida,Tijuana,Baja California,2022,Abril,Organico,29.63,11,70.5,Canon La Morita,Ayuntamiento Tijuana / SEMARNAT
Presa Escondida,Tijuana,Baja California,2022,Julio,Plastico,39.43,16,96.1,Canon Matamoros,Ayuntamiento Tijuana / SEMARNAT
Presa Escondida,Tijuana,Baja California,2022,Marzo,Plastico,9.43,18,94.1,N/A,Ayuntamiento Tijuana / SEMARNAT
Presa Escondida,Tijuana,Baja California,2022,Mayo,Papel/Carton,28.81,2,62.9,Canon Matamoros,Ayuntamiento Tijuana / SEMARNAT
Presa Escondida,Tijuana,Baja California,2023,Octubre,Vidrio,37.75,18,69.8,Canon El Florido,Ayuntamiento Tijuana / SEMARNAT
Presa Escondida,Tijuana,Baja California,2023,Noviembre,Organico,42.12,13,84.8,Canon Los Laureles,Ayuntamiento Tijuana / SEMARNAT
Presa Escondida,Tijuana,Baja California,2023,Agosto,Metal,6.93,14,91.4,Canon La Morita,Ayuntamiento Tijuana / SEMARNAT
Presa Escondida,Tijuana,Baja California,2023,Febrero,Plastico,15.27,4,92.9,Canon La Morita,Ayuntamiento Tijuana / SEMARNAT
Centro Civico,Mexicali,Baja California,2021,Septiembre,Plastico,6.37,13,85.5,N/A,Ayuntamiento Tijuana / SEMARNAT
Centro Civico,Mexicali,Baja California,2021,Abril,Papel/Carton,10.85,9,61.2,N/A,Ayuntamiento Tijuana / SEMARNAT
Centro Civico,Mexicali,Baja California,2021,Junio,Mixto,22.58,8,71.4,N/A,Ayuntamiento Tijuana / SEMARNAT
Centro Civico,Mexicali,Baja California,2021,Agosto,Organico,39.52,15,67.9,N/A,Ayuntamiento Tijuana / SEMARNAT
Centro Civico,Mexicali,Baja California,2022,Enero,Organico,1.16,6,75.6,N/A,Ayuntamiento Tijuana / SEMARNAT
Centro Civico,Mexicali,Baja California,2022,Febrero,Mixto,4.94,6,88.2,N/A,Ayuntamiento Tijuana / SEMARNAT
Centro Civico,Mexicali,Baja California,2022,Marzo,Metal,13.31,18,90.0,N/A,Ayuntamiento Tijuana / SEMARNAT
Centro Civico,Mexicali,Baja California,2022,Octubre,Papel/Carton,38.52,12,79.3,N/A,Ayuntamiento Tijuana / SEMARNAT
Centro Civico,Mexicali,Baja California,2023,Febrero,Papel/Carton,30.42,14,82.5,N/A,Ayuntamiento Tijuana / SEMARNAT
Centro Civico,Mexicali,Baja California,2023,Octubre,Vidrio,5.41,20,83.0,N/A,Ayuntamiento Tijuana / SEMARNAT
Centro Civico,Mexicali,Baja California,2023,Septiembre,Mixto,35.54,18,73.8,N/A,Ayuntamiento Tijuana / SEMARNAT
Centro Civico,Mexicali,Baja California,2023,Diciembre,Vidrio,8.69,18,80.6,N/A,Ayuntamiento Tijuana / SEMARNAT
Pueblo Nuevo,Mexicali,Baja California,2021,Noviembre,Metal,4.96,5,69.3,N/A,Ayuntamiento Tijuana / SEMARNAT
Pueblo Nuevo,Mexicali,Baja California,2021,Agosto,Mixto,24.2,2,78.8,N/A,Ayuntamiento Tijuana / SEMARNAT
Pueblo Nuevo,Mexicali,Baja California,2021,Diciembre,Plastico,17.79,6,74.2,N/A,Ayuntamiento Tijuana / SEMARNAT
Pueblo Nuevo,Mexicali,Baja California,2021,Enero,Sanitario,0.67,20,80.3,N/A,Ayuntamiento Tijuana / SEMARNAT
Pueblo Nuevo,Mexicali,Baja California,2022,Marzo,Metal,43.17,7,65.7,N/A,Ayuntamiento Tijuana / SEMARNAT
Pueblo Nuevo,Mexicali,Baja California,2022,Diciembre,Organico,31.54,1,91.4,N/A,Ayuntamiento Tijuana / SEMARNAT
Pueblo Nuevo,Mexicali,Baja California,2022,Octubre,Vidrio,20.99,13,88.3,N/A,Ayuntamiento Tijuana / SEMARNAT
Pueblo Nuevo,Mexicali,Baja California,2022,Noviembre,Organico,41.9,13,81.4,N/A,Ayuntamiento Tijuana / SEMARNAT
Pueblo Nuevo,Mexicali,Baja California,2023,Septiembre,Plastico,22.97,12,88.4,N/A,Ayuntamiento Tijuana / SEMARNAT
Pueblo Nuevo,Mexicali,Baja California,2023,Diciembre,Vidrio,26.43,19,70.9,N/A,Ayuntamiento Tijuana / SEMARNAT
Pueblo Nuevo,Mexicali,Baja California,2023,Agosto,Mixto,25.79,7,81.2,N/A,Ayuntamiento Tijuana / SEMARNAT
Pueblo Nuevo,Mexicali,Baja California,2023,Febrero,Vidrio,41.43,4,93.0,N/A,Ayuntamiento Tijuana / SEMARNAT
Nueva Ciudad,Mexicali,Baja California,2021,Diciembre,Plastico,38.66,17,69.3,N/A,Ayuntamiento Tijuana / SEMARNAT
Nueva Ciudad,Mexicali,Baja California,2021,Octubre,Mixto,12.57,14,65.5,N/A,Ayuntamiento Tijuana / SEMARNAT
Nueva Ciudad,Mexicali,Baja California,2021,Febrero,Sanitario,16.41,19,60.3,N/A,Ayuntamiento Tijuana / SEMARNAT
Nueva Ciudad,Mexicali,Baja California,2021,Septiembre,Organico,38.16,4,87.0,N/A,Ayuntamiento Tijuana / SEMARNAT
Nueva Ciudad,Mexicali,Baja California,2022,Marzo,Sanitario,18.1,14,68.1,N/A,Ayuntamiento Tijuana / SEMARNAT
Nueva Ciudad,Mexicali,Baja California,2022,Octubre,Organico,44.67,14,94.9,N/A,Ayuntamiento Tijuana / SEMARNAT
Nueva Ciudad,Mexicali,Baja California,2022,Septiembre,Organico,6.25,15,71.4,N/A,Ayuntamiento Tijuana / SEMARNAT
Nueva Ciudad,Mexicali,Baja California,2022,Enero,Mixto,42.72,7,93.3,N/A,Ayuntamiento Tijuana / SEMARNAT
Nueva Ciudad,Mexicali,Baja California,2023,Diciembre,Sanitario,32.2,2,87.9,N/A,Ayuntamiento Tijuana / SEMARNAT
Nueva Ciudad,Mexicali,Baja California,2023,Mayo,Papel/Carton,1.68,14,66.8,N/A,Ayuntamiento Tijuana / SEMARNAT
Nueva Ciudad,Mexicali,Baja California,2023,Febrero,Papel/Carton,34.53,4,75.8,N/A,Ayuntamiento Tijuana / SEMARNAT
Nueva Ciudad,Mexicali,Baja California,2023,Septiembre,Mixto,13.18,20,68.0,N/A,Ayuntamiento Tijuana / SEMARNAT
Division del Norte,Mexicali,Baja California,2021,Septiembre,Mixto,25.92,11,63.7,N/A,Ayuntamiento Tijuana / SEMARNAT
Division del Norte,Mexicali,Baja California,2021,Agosto,Sanitario,20.92,13,82.2,N/A,Ayuntamiento Tijuana / SEMARNAT
Division del Norte,Mexicali,Baja California,2021,Noviembre,Mixto,30.93,20,68.9,N/A,Ayuntamiento Tijuana / SEMARNAT
Division del Norte,Mexicali,Baja California,2021,Marzo,Sanitario,19.27,19,63.8,N/A,Ayuntamiento Tijuana / SEMARNAT
Division del Norte,Mexicali,Baja California,2022,Enero,Papel/Carton,13.31,3,85.6,N/A,Ayuntamiento Tijuana / SEMARNAT
Division del Norte,Mexicali,Baja California,2022,Marzo,Organico,30.84,10,68.8,N/A,Ayuntamiento Tijuana / SEMARNAT
Division del Norte,Mexicali,Baja California,2022,Junio,Plastico,34.43,2,81.3,N/A,Ayuntamiento Tijuana / SEMARNAT
Division del Norte,Mexicali,Baja California,2022,Julio,Vidrio,18.69,2,71.3,N/A,Ayuntamiento Tijuana / SEMARNAT
Division del Norte,Mexicali,Baja California,2023,Febrero,Metal,40.96,20,62.8,N/A,Ayuntamiento Tijuana / SEMARNAT
Division del Norte,Mexicali,Baja California,2023,Junio,Metal,26.4,15,61.6,N/A,Ayuntamiento Tijuana / SEMARNAT
Division del Norte,Mexicali,Baja California,2023,Abril,Papel/Carton,7.63,9,67.1,N/A,Ayuntamiento Tijuana / SEMARNAT
Division del Norte,Mexicali,Baja California,2023,Octubre,Organico,30.91,14,63.4,N/A,Ayuntamiento Tijuana / SEMARNAT
Benito Juarez,Mexicali,Baja California,2021,Julio,Mixto,6.99,10,87.5,N/A,Ayuntamiento Tijuana / SEMARNAT
Benito Juarez,Mexicali,Baja California,2021,Octubre,Metal,18.4,10,90.5,N/A,Ayuntamiento Tijuana / SEMARNAT
Benito Juarez,Mexicali,Baja California,2021,Junio,Organico,19.47,13,63.8,N/A,Ayuntamiento Tijuana / SEMARNAT
Benito Juarez,Mexicali,Baja California,2021,Mayo,Mixto,29.32,17,78.0,N/A,Ayuntamiento Tijuana / SEMARNAT
Benito Juarez,Mexicali,Baja California,2022,Septiembre,Plastico,27.53,17,81.1,N/A,Ayuntamiento Tijuana / SEMARNAT
Benito Juarez,Mexicali,Baja California,2022,Abril,Metal,6.23,18,89.4,N/A,Ayuntamiento Tijuana / SEMARNAT
Benito Juarez,Mexicali,Baja California,2022,Mayo,Sanitario,37.24,6,88.2,N/A,Ayuntamiento Tijuana / SEMARNAT
Benito Juarez,Mexicali,Baja California,2022,Febrero,Mixto,38.71,14,92.9,N/A,Ayuntamiento Tijuana / SEMARNAT
Benito Juarez,Mexicali,Baja California,2023,Agosto,Sanitario,4.76,17,96.3,N/A,Ayuntamiento Tijuana / SEMARNAT
Benito Juarez,Mexicali,Baja California,2023,Enero,Plastico,35.15,12,93.4,N/A,Ayuntamiento Tijuana / SEMARNAT
Benito Juarez,Mexicali,Baja California,2023,Febrero,Organico,9.94,1,83.9,N/A,Ayuntamiento Tijuana / SEMARNAT
Benito Juarez,Mexicali,Baja California,2023,Junio,Vidrio,0.53,1,73.3,N/A,Ayuntamiento Tijuana / SEMARNAT
Heroes de la Revolucion,Mexicali,Baja California,2021,Abril,Papel/Carton,5.96,19,78.4,N/A,Ayuntamiento Tijuana / SEMARNAT
Heroes de la Revolucion,Mexicali,Baja California,2021,Mayo,Mixto,29.59,16,93.6,N/A,Ayuntamiento Tijuana / SEMARNAT
Heroes de la Revolucion,Mexicali,Baja California,2021,Septiembre,Organico,28.54,4,66.8,N/A,Ayuntamiento Tijuana / SEMARNAT
Heroes de la Revolucion,Mexicali,Baja California,2021,Julio,Plastico,24.22,20,93.4,N/A,Ayuntamiento Tijuana / SEMARNAT
Heroes de la Revolucion,Mexicali,Baja California,2022,Noviembre,Vidrio,22.0,5,76.6,N/A,Ayuntamiento Tijuana / SEMARNAT
Heroes de la Revolucion,Mexicali,Baja California,2022,Julio,Organico,29.98,5,97.6,N/A,Ayuntamiento Tijuana / SEMARNAT
Heroes de la Revolucion,Mexicali,Baja California,2022,Febrero,Mixto,14.99,8,93.4,N/A,Ayuntamiento Tijuana / SEMARNAT
Heroes de la Revolucion,Mexicali,Baja California,2022,Diciembre,Papel/Carton,16.14,2,73.1,N/A,Ayuntamiento Tijuana / SEMARNAT
Heroes de la Revolucion,Mexicali,Baja California,2023,Diciembre,Vidrio,44.4,16,77.2,N/A,Ayuntamiento Tijuana / SEMARNAT
Heroes de la Revolucion,Mexicali,Baja California,2023,Febrero,Organico,26.4,5,80.7,N/A,Ayuntamiento Tijuana / SEMARNAT
Heroes de la Revolucion,Mexicali,Baja California,2023,Mayo,Papel/Carton,31.58,18,84.4,N/A,Ayuntamiento Tijuana / SEMARNAT
Heroes de la Revolucion,Mexicali,Baja California,2023,Agosto,Papel/Carton,18.67,18,88.1,N/A,Ayuntamiento Tijuana / SEMARNAT
Lazaro Cardenas,Mexicali,Baja California,2021,Enero,Organico,31.87,10,94.6,N/A,Ayuntamiento Tijuana / SEMARNAT
Lazaro Cardenas,Mexicali,Baja California,2021,Julio,Vidrio,25.09,16,93.6,N/A,Ayuntamiento Tijuana / SEMARNAT
Lazaro Cardenas,Mexicali,Baja California,2021,Diciembre,Vidrio,25.37,12,61.8,N/A,Ayuntamiento Tijuana / SEMARNAT
Lazaro Cardenas,Mexicali,Baja California,2021,Mayo,Metal,24.39,2,81.8,N/A,Ayuntamiento Tijuana / SEMARNAT
Lazaro Cardenas,Mexicali,Baja California,2022,Mayo,Organico,27.94,20,62.4,N/A,Ayuntamiento Tijuana / SEMARNAT
Lazaro Cardenas,Mexicali,Baja California,2022,Octubre,Metal,19.56,4,85.1,N/A,Ayuntamiento Tijuana / SEMARNAT
Lazaro Cardenas,Mexicali,Baja California,2022,Junio,Papel/Carton,33.37,8,62.7,N/A,Ayuntamiento Tijuana / SEMARNAT
Lazaro Cardenas,Mexicali,Baja California,2022,Abril,Vidrio,24.46,11,88.6,N/A,Ayuntamiento Tijuana / SEMARNAT
Lazaro Cardenas,Mexicali,Baja California,2023,Septiembre,Mixto,5.9,9,63.2,N/A,Ayuntamiento Tijuana / SEMARNAT
Lazaro Cardenas,Mexicali,Baja California,2023,Julio,Vidrio,39.96,15,79.4,N/A,Ayuntamiento Tijuana / SEMARNAT
Lazaro Cardenas,Mexicali,Baja California,2023,Agosto,Plastico,5.67,13,82.6,N/A,Ayuntamiento Tijuana / SEMARNAT
Lazaro Cardenas,Mexicali,Baja California,2023,Noviembre,Metal,31.96,9,85.0,N/A,Ayuntamiento Tijuana / SEMARNAT
Pro Hogar,Mexicali,Baja California,2021,Marzo,Sanitario,20.96,4,89.2,N/A,Ayuntamiento Tijuana / SEMARNAT
Pro Hogar,Mexicali,Baja California,2021,Julio,Metal,30.97,14,71.9,N/A,Ayuntamiento Tijuana / SEMARNAT
Pro Hogar,Mexicali,Baja California,2021,Abril,Papel/Carton,41.98,9,64.2,N/A,Ayuntamiento Tijuana / SEMARNAT
Pro Hogar,Mexicali,Baja California,2021,Enero,Organico,32.27,1,80.5,N/A,Ayuntamiento Tijuana / SEMARNAT
Pro Hogar,Mexicali,Baja California,2022,Julio,Mixto,36.13,11,77.7,N/A,Ayuntamiento Tijuana / SEMARNAT
Pro Hogar,Mexicali,Baja California,2022,Febrero,Vidrio,20.44,18,97.8,N/A,Ayuntamiento Tijuana / SEMARNAT
Pro Hogar,Mexicali,Baja California,2022,Mayo,Metal,7.28,13,93.5,N/A,Ayuntamiento Tijuana / SEMARNAT
Pro Hogar,Mexicali,Baja California,2022,Agosto,Metal,9.71,20,92.6,N/A,Ayuntamiento Tijuana / SEMARNAT
Pro Hogar,Mexicali,Baja California,2023,Agosto,Organico,33.98,3,90.8,N/A,Ayuntamiento Tijuana / SEMARNAT
Pro Hogar,Mexicali,Baja California,2023,Abril,Vidrio,33.28,13,90.5,N/A,Ayuntamiento Tijuana / SEMARNAT
Pro Hogar,Mexicali,Baja California,2023,Octubre,Sanitario,31.41,14,76.7,N/A,Ayuntamiento Tijuana / SEMARNAT
Pro Hogar,Mexicali,Baja California,2023,Noviembre,Metal,32.66,8,93.1,N/A,Ayuntamiento Tijuana / SEMARNAT
Conjunto Urbano,Mexicali,Baja California,2021,Noviembre,Mixto,35.61,3,72.3,N/A,Ayuntamiento Tijuana / SEMARNAT
Conjunto Urbano,Mexicali,Baja California,2021,Agosto,Vidrio,38.7,18,70.8,N/A,Ayuntamiento Tijuana / SEMARNAT
Conjunto Urbano,Mexicali,Baja California,2021,Septiembre,Mixto,17.91,20,89.7,N/A,Ayuntamiento Tijuana / SEMARNAT
Conjunto Urbano,Mexicali,Baja California,2021,Octubre,Papel/Carton,41.56,16,62.7,N/A,Ayuntamiento Tijuana / SEMARNAT
Conjunto Urbano,Mexicali,Baja California,2022,Diciembre,Vidrio,17.32,7,78.3,N/A,Ayuntamiento Tijuana / SEMARNAT
Conjunto Urbano,Mexicali,Baja California,2022,Junio,Metal,15.62,4,94.9,N/A,Ayuntamiento Tijuana / SEMARNAT
Conjunto Urbano,Mexicali,Baja California,2022,Febrero,Vidrio,6.72,6,81.8,N/A,Ayuntamiento Tijuana / SEMARNAT
Conjunto Urbano,Mexicali,Baja California,2022,Julio,Metal,16.14,4,73.3,N/A,Ayuntamiento Tijuana / SEMARNAT
Conjunto Urbano,Mexicali,Baja California,2023,Diciembre,Plastico,23.22,6,91.7,N/A,Ayuntamiento Tijuana / SEMARNAT
Conjunto Urbano,Mexicali,Baja California,2023,Octubre,Metal,14.99,1,60.2,N/A,Ayuntamiento Tijuana / SEMARNAT
Conjunto Urbano,Mexicali,Baja California,2023,Abril,Organico,20.72,9,98.0,N/A,Ayuntamiento Tijuana / SEMARNAT
Conjunto Urbano,Mexicali,Baja California,2023,Agosto,Mixto,21.1,20,78.5,N/A,Ayuntamiento Tijuana / SEMARNAT
Centro,Ensenada,Baja California,2021,Octubre,Papel/Carton,29.83,18,67.4,N/A,Ayuntamiento Tijuana / SEMARNAT
Centro,Ensenada,Baja California,2021,Julio,Metal,41.64,20,94.1,N/A,Ayuntamiento Tijuana / SEMARNAT
Centro,Ensenada,Baja California,2021,Diciembre,Sanitario,7.59,3,68.8,N/A,Ayuntamiento Tijuana / SEMARNAT
Centro,Ensenada,Baja California,2021,Abril,Sanitario,18.98,7,85.6,N/A,Ayuntamiento Tijuana / SEMARNAT
Centro,Ensenada,Baja California,2022,Septiembre,Organico,13.38,12,78.0,N/A,Ayuntamiento Tijuana / SEMARNAT
Centro,Ensenada,Baja California,2022,Febrero,Sanitario,40.59,12,91.4,N/A,Ayuntamiento Tijuana / SEMARNAT
Centro,Ensenada,Baja California,2022,Enero,Organico,10.28,6,69.7,N/A,Ayuntamiento Tijuana / SEMARNAT
Centro,Ensenada,Baja California,2022,Marzo,Papel/Carton,10.21,5,85.0,N/A,Ayuntamiento Tijuana / SEMARNAT
Centro,Ensenada,Baja California,2023,Octubre,Papel/Carton,26.93,8,69.4,N/A,Ayuntamiento Tijuana / SEMARNAT
Centro,Ensenada,Baja California,2023,Julio,Organico,13.31,9,78.8,N/A,Ayuntamiento Tijuana / SEMARNAT
Centro,Ensenada,Baja California,2023,Diciembre,Plastico,22.54,20,77.7,N/A,Ayuntamiento Tijuana / SEMARNAT
Centro,Ensenada,Baja California,2023,Febrero,Papel/Carton,22.61,20,93.6,N/A,Ayuntamiento Tijuana / SEMARNAT
Chapultepec,Ensenada,Baja California,2021,Junio,Plastico,5.28,9,94.5,N/A,Ayuntamiento Tijuana / SEMARNAT
Chapultepec,Ensenada,Baja California,2021,Febrero,Papel/Carton,24.12,14,79.2,N/A,Ayuntamiento Tijuana / SEMARNAT
Chapultepec,Ensenada,Baja California,2021,Enero,Plastico,43.33,12,84.3,N/A,Ayuntamiento Tijuana / SEMARNAT
Chapultepec,Ensenada,Baja California,2021,Abril,Sanitario,27.66,10,93.8,N/A,Ayuntamiento Tijuana / SEMARNAT
Chapultepec,Ensenada,Baja California,2022,Agosto,Plastico,42.78,17,90.0,N/A,Ayuntamiento Tijuana / SEMARNAT
Chapultepec,Ensenada,Baja California,2022,Marzo,Sanitario,20.93,2,70.0,N/A,Ayuntamiento Tijuana / SEMARNAT
Chapultepec,Ensenada,Baja California,2022,Febrero,Metal,0.8,7,74.9,N/A,Ayuntamiento Tijuana / SEMARNAT
Chapultepec,Ensenada,Baja California,2022,Diciembre,Metal,23.91,13,86.1,N/A,Ayuntamiento Tijuana / SEMARNAT
Chapultepec,Ensenada,Baja California,2023,Junio,Organico,7.22,2,84.7,N/A,Ayuntamiento Tijuana / SEMARNAT
Chapultepec,Ensenada,Baja California,2023,Enero,Metal,9.8,5,94.9,N/A,Ayuntamiento Tijuana / SEMARNAT
Chapultepec,Ensenada,Baja California,2023,Mayo,Papel/Carton,36.99,10,68.0,N/A,Ayuntamiento Tijuana / SEMARNAT
Chapultepec,Ensenada,Baja California,2023,Diciembre,Mixto,11.22,14,72.0,N/A,Ayuntamiento Tijuana / SEMARNAT
Camino Verde,Ensenada,Baja California,2021,Enero,Mixto,7.22,16,95.7,N/A,Ayuntamiento Tijuana / SEMARNAT
Camino Verde,Ensenada,Baja California,2021,Abril,Vidrio,18.33,11,66.8,N/A,Ayuntamiento Tijuana / SEMARNAT
Camino Verde,Ensenada,Baja California,2021,Junio,Metal,35.09,3,94.9,N/A,Ayuntamiento Tijuana / SEMARNAT
Camino Verde,Ensenada,Baja California,2021,Diciembre,Mixto,10.0,16,78.6,N/A,Ayuntamiento Tijuana / SEMARNAT
Camino Verde,Ensenada,Baja California,2022,Junio,Vidrio,9.82,12,65.9,N/A,Ayuntamiento Tijuana / SEMARNAT
Camino Verde,Ensenada,Baja California,2022,Abril,Mixto,30.08,14,87.6,N/A,Ayuntamiento Tijuana / SEMARNAT
Camino Verde,Ensenada,Baja California,2022,Noviembre,Organico,34.62,15,65.8,N/A,Ayuntamiento Tijuana / SEMARNAT
Camino Verde,Ensenada,Baja California,2022,Octubre,Metal,16.0,17,84.8,N/A,Ayuntamiento Tijuana / SEMARNAT
Camino Verde,Ensenada,Baja California,2023,Julio,Mixto,14.04,14,91.0,N/A,Ayuntamiento Tijuana / SEMARNAT
Camino Verde,Ensenada,Baja California,2023,Mayo,Papel/Carton,40.77,13,67.0,N/A,Ayuntamiento Tijuana / SEMARNAT
Camino Verde,Ensenada,Baja California,2023,Diciembre,Papel/Carton,42.65,19,75.0,N/A,Ayuntamiento Tijuana / SEMARNAT
Camino Verde,Ensenada,Baja California,2023,Octubre,Sanitario,22.12,16,66.9,N/A,Ayuntamiento Tijuana / SEMARNAT
El Cipres,Ensenada,Baja California,2021,Enero,Organico,0.81,1,91.3,N/A,Ayuntamiento Tijuana / SEMARNAT
El Cipres,Ensenada,Baja California,2021,Marzo,Metal,27.32,6,88.1,N/A,Ayuntamiento Tijuana / SEMARNAT
El Cipres,Ensenada,Baja California,2021,Septiembre,Organico,42.0,7,85.2,N/A,Ayuntamiento Tijuana / SEMARNAT
El Cipres,Ensenada,Baja California,2021,Abril,Mixto,4.07,14,68.6,N/A,Ayuntamiento Tijuana / SEMARNAT
El Cipres,Ensenada,Baja California,2022,Abril,Organico,43.22,16,87.9,N/A,Ayuntamiento Tijuana / SEMARNAT
El Cipres,Ensenada,Baja California,2022,Julio,Mixto,24.52,9,69.1,N/A,Ayuntamiento Tijuana / SEMARNAT
El Cipres,Ensenada,Baja California,2022,Febrero,Plastico,42.33,6,74.7,N/A,Ayuntamiento Tijuana / SEMARNAT
El Cipres,Ensenada,Baja California,2022,Agosto,Sanitario,28.0,10,95.8,N/A,Ayuntamiento Tijuana / SEMARNAT
El Cipres,Ensenada,Baja California,2023,Mayo,Plastico,0.95,1,87.2,N/A,Ayuntamiento Tijuana / SEMARNAT
El Cipres,Ensenada,Baja California,2023,Febrero,Metal,9.85,2,60.6,N/A,Ayuntamiento Tijuana / SEMARNAT
El Cipres,Ensenada,Baja California,2023,Agosto,Plastico,8.77,5,96.5,N/A,Ayuntamiento Tijuana / SEMARNAT
El Cipres,Ensenada,Baja California,2023,Marzo,Organico,30.95,12,69.0,N/A,Ayuntamiento Tijuana / SEMARNAT
Maneadero,Ensenada,Baja California,2021,Junio,Plastico,43.79,10,86.8,N/A,Ayuntamiento Tijuana / SEMARNAT
Maneadero,Ensenada,Baja California,2021,Abril,Vidrio,44.6,14,81.2,N/A,Ayuntamiento Tijuana / SEMARNAT
Maneadero,Ensenada,Baja California,2021,Octubre,Mixto,41.11,14,75.4,N/A,Ayuntamiento Tijuana / SEMARNAT
Maneadero,Ensenada,Baja California,2021,Febrero,Organico,36.68,15,61.2,N/A,Ayuntamiento Tijuana / SEMARNAT
Maneadero,Ensenada,Baja California,2022,Septiembre,Sanitario,23.02,5,88.3,N/A,Ayuntamiento Tijuana / SEMARNAT
Maneadero,Ensenada,Baja California,2022,Febrero,Plastico,8.89,18,67.3,N/A,Ayuntamiento Tijuana / SEMARNAT
Maneadero,Ensenada,Baja California,2022,Octubre,Plastico,16.15,6,72.3,N/A,Ayuntamiento Tijuana / SEMARNAT
Maneadero,Ensenada,Baja California,2022,Agosto,Organico,21.12,12,93.0,N/A,Ayuntamiento Tijuana / SEMARNAT
Maneadero,Ensenada,Baja California,2023,Diciembre,Metal,38.17,12,80.8,N/A,Ayuntamiento Tijuana / SEMARNAT
Maneadero,Ensenada,Baja California,2023,Abril,Metal,17.12,6,73.6,N/A,Ayuntamiento Tijuana / SEMARNAT
Maneadero,Ensenada,Baja California,2023,Octubre,Sanitario,39.47,1,94.5,N/A,Ayuntamiento Tijuana / SEMARNAT
Maneadero,Ensenada,Baja California,2023,Septiembre,Mixto,5.86,1,80.4,N/A,Ayuntamiento Tijuana / SEMARNAT
Vista Hermosa,Ensenada,Baja California,2021,Julio,Mixto,15.6,4,92.7,N/A,Ayuntamiento Tijuana / SEMARNAT
Vista Hermosa,Ensenada,Baja California,2021,Diciembre,Sanitario,16.07,4,91.9,N/A,Ayuntamiento Tijuana / SEMARNAT
Vista Hermosa,Ensenada,Baja California,2021,Febrero,Vidrio,28.44,18,85.4,N/A,Ayuntamiento Tijuana / SEMARNAT
Vista Hermosa,Ensenada,Baja California,2021,Mayo,Metal,13.44,4,86.1,N/A,Ayuntamiento Tijuana / SEMARNAT
Vista Hermosa,Ensenada,Baja California,2022,Marzo,Papel/Carton,24.36,5,94.8,N/A,Ayuntamiento Tijuana / SEMARNAT
Vista Hermosa,Ensenada,Baja California,2022,Noviembre,Vidrio,24.79,15,61.7,N/A,Ayuntamiento Tijuana / SEMARNAT
Vista Hermosa,Ensenada,Baja California,2022,Septiembre,Mixto,16.21,14,92.3,N/A,Ayuntamiento Tijuana / SEMARNAT
Vista Hermosa,Ensenada,Baja California,2022,Abril,Metal,27.35,3,65.2,N/A,Ayuntamiento Tijuana / SEMARNAT
Vista Hermosa,Ensenada,Baja California,2023,Julio,Vidrio,39.41,6,95.9,N/A,Ayuntamiento Tijuana / SEMARNAT
Vista Hermosa,Ensenada,Baja California,2023,Octubre,Papel/Carton,43.74,18,61.4,N/A,Ayuntamiento Tijuana / SEMARNAT
Vista Hermosa,Ensenada,Baja California,2023,Enero,Plastico,11.25,3,96.7,N/A,Ayuntamiento Tijuana / SEMARNAT
Vista Hermosa,Ensenada,Baja California,2023,Mayo,Papel/Carton,28.12,8,89.1,N/A,Ayuntamiento Tijuana / SEMARNAT
Centro,Tecate,Baja California,2021,Septiembre,Mixto,10.64,8,61.4,N/A,Ayuntamiento Tijuana / SEMARNAT
Centro,Tecate,Baja California,2021,Junio,Metal,14.34,11,89.5,N/A,Ayuntamiento Tijuana / SEMARNAT
Centro,Tecate,Baja California,2021,Diciembre,Metal,4.79,14,65.2,N/A,Ayuntamiento Tijuana / SEMARNAT
Centro,Tecate,Baja California,2021,Enero,Organico,5.04,10,85.1,N/A,Ayuntamiento Tijuana / SEMARNAT
Centro,Tecate,Baja California,2022,Julio,Sanitario,40.17,12,63.5,N/A,Ayuntamiento Tijuana / SEMARNAT
Centro,Tecate,Baja California,2022,Marzo,Papel/Carton,41.3,1,91.1,N/A,Ayuntamiento Tijuana / SEMARNAT
Centro,Tecate,Baja California,2022,Diciembre,Organico,30.82,9,65.2,N/A,Ayuntamiento Tijuana / SEMARNAT
Centro,Tecate,Baja California,2022,Septiembre,Mixto,41.72,14,91.1,N/A,Ayuntamiento Tijuana / SEMARNAT
Centro,Tecate,Baja California,2023,Mayo,Sanitario,39.36,5,95.3,N/A,Ayuntamiento Tijuana / SEMARNAT
Centro,Tecate,Baja California,2023,Junio,Sanitario,31.98,11,71.8,N/A,Ayuntamiento Tijuana / SEMARNAT
Centro,Tecate,Baja California,2023,Septiembre,Metal,9.91,17,71.2,N/A,Ayuntamiento Tijuana / SEMARNAT
Centro,Tecate,Baja California,2023,Febrero,Plastico,40.34,8,95.1,N/A,Ayuntamiento Tijuana / SEMARNAT
Rincon del Valle,Tecate,Baja California,2021,Mayo,Plastico,5.04,8,69.2,N/A,Ayuntamiento Tijuana / SEMARNAT
Rincon del Valle,Tecate,Baja California,2021,Agosto,Sanitario,6.48,8,95.8,N/A,Ayuntamiento Tijuana / SEMARNAT
Rincon del Valle,Tecate,Baja California,2021,Abril,Plastico,40.6,12,68.5,N/A,Ayuntamiento Tijuana / SEMARNAT
Rincon del Valle,Tecate,Baja California,2021,Marzo,Papel/Carton,39.4,19,76.4,N/A,Ayuntamiento Tijuana / SEMARNAT
Rincon del Valle,Tecate,Baja California,2022,Julio,Vidrio,6.27,12,69.7,N/A,Ayuntamiento Tijuana / SEMARNAT
Rincon del Valle,Tecate,Baja California,2022,Agosto,Organico,17.59,6,88.7,N/A,Ayuntamiento Tijuana / SEMARNAT
Rincon del Valle,Tecate,Baja California,2022,Noviembre,Vidrio,2.9,3,84.2,N/A,Ayuntamiento Tijuana / SEMARNAT
Rincon del Valle,Tecate,Baja California,2022,Mayo,Metal,27.56,7,91.8,N/A,Ayuntamiento Tijuana / SEMARNAT
Rincon del Valle,Tecate,Baja California,2023,Octubre,Sanitario,36.07,3,94.3,N/A,Ayuntamiento Tijuana / SEMARNAT
Rincon del Valle,Tecate,Baja California,2023,Septiembre,Metal,14.86,5,64.9,N/A,Ayuntamiento Tijuana / SEMARNAT
Rincon del Valle,Tecate,Baja California,2023,Noviembre,Vidrio,7.51,5,84.5,N/A,Ayuntamiento Tijuana / SEMARNAT
Rincon del Valle,Tecate,Baja California,2023,Mayo,Organico,15.61,19,68.9,N/A,Ayuntamiento Tijuana / SEMARNAT
Los Pinos,Tecate,Baja California,2021,Mayo,Mixto,3.18,20,91.5,N/A,Ayuntamiento Tijuana / SEMARNAT
Los Pinos,Tecate,Baja California,2021,Diciembre,Plastico,22.46,2,61.1,N/A,Ayuntamiento Tijuana / SEMARNAT
Los Pinos,Tecate,Baja California,2021,Junio,Plastico,16.37,11,95.8,N/A,Ayuntamiento Tijuana / SEMARNAT
Los Pinos,Tecate,Baja California,2021,Enero,Plastico,24.3,8,66.5,N/A,Ayuntamiento Tijuana / SEMARNAT
Los Pinos,Tecate,Baja California,2022,Julio,Organico,31.66,8,88.2,N/A,Ayuntamiento Tijuana / SEMARNAT
Los Pinos,Tecate,Baja California,2022,Agosto,Metal,13.32,3,64.8,N/A,Ayuntamiento Tijuana / SEMARNAT
Los Pinos,Tecate,Baja California,2022,Noviembre,Plastico,3.51,20,96.8,N/A,Ayuntamiento Tijuana / SEMARNAT
Los Pinos,Tecate,Baja California,2022,Octubre,Plastico,22.71,6,80.7,N/A,Ayuntamiento Tijuana / SEMARNAT
Los Pinos,Tecate,Baja California,2023,Marzo,Organico,10.34,4,77.9,N/A,Ayuntamiento Tijuana / SEMARNAT
Los Pinos,Tecate,Baja California,2023,Enero,Vidrio,43.45,11,87.9,N/A,Ayuntamiento Tijuana / SEMARNAT
Los Pinos,Tecate,Baja California,2023,Junio,Sanitario,37.55,19,94.9,N/A,Ayuntamiento Tijuana / SEMARNAT
Los Pinos,Tecate,Baja California,2023,Febrero,Mixto,28.79,1,64.4,N/A,Ayuntamiento Tijuana / SEMARNAT
Centro,Rosarito,Baja California,2021,Diciembre,Metal,12.9,19,81.9,N/A,Ayuntamiento Tijuana / SEMARNAT
Centro,Rosarito,Baja California,2021,Abril,Sanitario,5.84,17,91.7,N/A,Ayuntamiento Tijuana / SEMARNAT
Centro,Rosarito,Baja California,2021,Junio,Metal,4.86,1,80.9,N/A,Ayuntamiento Tijuana / SEMARNAT
Centro,Rosarito,Baja California,2021,Mayo,Organico,21.91,6,81.3,N/A,Ayuntamiento Tijuana / SEMARNAT
Centro,Rosarito,Baja California,2022,Septiembre,Papel/Carton,30.62,20,84.9,N/A,Ayuntamiento Tijuana / SEMARNAT
Centro,Rosarito,Baja California,2022,Noviembre,Metal,38.0,13,88.8,N/A,Ayuntamiento Tijuana / SEMARNAT
Centro,Rosarito,Baja California,2022,Enero,Metal,26.5,17,65.4,N/A,Ayuntamiento Tijuana / SEMARNAT
Centro,Rosarito,Baja California,2022,Febrero,Vidrio,1.89,14,93.6,N/A,Ayuntamiento Tijuana / SEMARNAT
Centro,Rosarito,Baja California,2023,Julio,Sanitario,5.58,3,60.1,N/A,Ayuntamiento Tijuana / SEMARNAT
Centro,Rosarito,Baja California,2023,Marzo,Plastico,42.99,13,65.1,N/A,Ayuntamiento Tijuana / SEMARNAT
Centro,Rosarito,Baja California,2023,Agosto,Papel/Carton,14.47,12,64.3,N/A,Ayuntamiento Tijuana / SEMARNAT
Centro,Rosarito,Baja California,2023,Noviembre,Vidrio,37.93,8,65.3,N/A,Ayuntamiento Tijuana / SEMARNAT
Calafia,Rosarito,Baja California,2021,Junio,Plastico,37.8,7,91.9,N/A,Ayuntamiento Tijuana / SEMARNAT
Calafia,Rosarito,Baja California,2021,Marzo,Plastico,29.18,1,64.5,N/A,Ayuntamiento Tijuana / SEMARNAT
Calafia,Rosarito,Baja California,2021,Mayo,Papel/Carton,21.8,6,91.5,N/A,Ayuntamiento Tijuana / SEMARNAT
Calafia,Rosarito,Baja California,2021,Octubre,Vidrio,13.65,7,72.7,N/A,Ayuntamiento Tijuana / SEMARNAT
Calafia,Rosarito,Baja California,2022,Junio,Mixto,14.02,10,80.7,N/A,Ayuntamiento Tijuana / SEMARNAT
Calafia,Rosarito,Baja California,2022,Septiembre,Organico,24.35,1,88.8,N/A,Ayuntamiento Tijuana / SEMARNAT
Calafia,Rosarito,Baja California,2022,Julio,Plastico,23.58,5,89.4,N/A,Ayuntamiento Tijuana / SEMARNAT
Calafia,Rosarito,Baja California,2022,Enero,Sanitario,42.88,3,62.7,N/A,Ayuntamiento Tijuana / SEMARNAT
Calafia,Rosarito,Baja California,2023,Noviembre,Mixto,21.79,2,64.8,N/A,Ayuntamiento Tijuana / SEMARNAT
Calafia,Rosarito,Baja California,2023,Enero,Papel/Carton,5.11,17,75.9,N/A,Ayuntamiento Tijuana / SEMARNAT
Calafia,Rosarito,Baja California,2023,Mayo,Plastico,15.74,20,71.9,N/A,Ayuntamiento Tijuana / SEMARNAT
Calafia,Rosarito,Baja California,2023,Marzo,Sanitario,39.42,2,66.3,N/A,Ayuntamiento Tijuana / SEMARNAT
Las Gaviotas,Rosarito,Baja California,2021,Octubre,Sanitario,23.17,9,67.7,N/A,Ayuntamiento Tijuana / SEMARNAT
Las Gaviotas,Rosarito,Baja California,2021,Enero,Mixto,43.79,7,89.8,N/A,Ayuntamiento Tijuana / SEMARNAT
Las Gaviotas,Rosarito,Baja California,2021,Marzo,Sanitario,38.49,3,93.9,N/A,Ayuntamiento Tijuana / SEMARNAT
Las Gaviotas,Rosarito,Baja California,2021,Abril,Papel/Carton,41.09,6,75.3,N/A,Ayuntamiento Tijuana / SEMARNAT
Las Gaviotas,Rosarito,Baja California,2022,Mayo,Papel/Carton,23.12,8,60.9,N/A,Ayuntamiento Tijuana / SEMARNAT
Las Gaviotas,Rosarito,Baja California,2022,Marzo,Plastico,42.01,9,94.7,N/A,Ayuntamiento Tijuana / SEMARNAT
Las Gaviotas,Rosarito,Baja California,2022,Julio,Organico,26.49,11,60.5,N/A,Ayuntamiento Tijuana / SEMARNAT
Las Gaviotas,Rosarito,Baja California,2022,Octubre,Metal,24.96,5,94.7,N/A,Ayuntamiento Tijuana / SEMARNAT
Las Gaviotas,Rosarito,Baja California,2023,Septiembre,Organico,26.24,4,81.0,N/A,Ayuntamiento Tijuana / SEMARNAT
Las Gaviotas,Rosarito,Baja California,2023,Noviembre,Mixto,29.68,20,77.9,N/A,Ayuntamiento Tijuana / SEMARNAT
Las Gaviotas,Rosarito,Baja California,2023,Abril,Sanitario,11.91,16,94.9,N/A,Ayuntamiento Tijuana / SEMARNAT
Las Gaviotas,Rosarito,Baja California,2023,Junio,Plastico,20.15,18,85.9,N/A,Ayuntamiento Tijuana / SEMARNAT
Centro,San Quintin,Baja California,2021,Mayo,Sanitario,37.67,13,97.0,N/A,Ayuntamiento Tijuana / SEMARNAT
Centro,San Quintin,Baja California,2021,Enero,Mixto,28.98,17,72.1,N/A,Ayuntamiento Tijuana / SEMARNAT
Centro,San Quintin,Baja California,2021,Marzo,Sanitario,21.58,11,68.6,N/A,Ayuntamiento Tijuana / SEMARNAT
Centro,San Quintin,Baja California,2021,Noviembre,Plastico,25.91,19,87.4,N/A,Ayuntamiento Tijuana / SEMARNAT
Centro,San Quintin,Baja California,2022,Marzo,Plastico,35.19,10,94.6,N/A,Ayuntamiento Tijuana / SEMARNAT
Centro,San Quintin,Baja California,2022,Julio,Sanitario,32.22,1,61.1,N/A,Ayuntamiento Tijuana / SEMARNAT
Centro,San Quintin,Baja California,2022,Noviembre,Vidrio,16.44,3,88.7,N/A,Ayuntamiento Tijuana / SEMARNAT
Centro,San Quintin,Baja California,2022,Septiembre,Metal,44.26,4,71.4,N/A,Ayuntamiento Tijuana / SEMARNAT
Centro,San Quintin,Baja California,2023,Marzo,Vidrio,20.79,5,85.6,N/A,Ayuntamiento Tijuana / SEMARNAT
Centro,San Quintin,Baja California,2023,Junio,Mixto,2.76,7,78.5,N/A,Ayuntamiento Tijuana / SEMARNAT
Centro,San Quintin,Baja California,2023,Octubre,Mixto,41.2,7,70.3,N/A,Ayuntamiento Tijuana / SEMARNAT
Centro,San Quintin,Baja California,2023,Julio,Plastico,11.11,13,97.3,N/A,Ayuntamiento Tijuana / SEMARNAT
Lazaro Cardenas,San Quintin,Baja California,2021,Junio,Organico,36.73,5,96.1,N/A,Ayuntamiento Tijuana / SEMARNAT
Lazaro Cardenas,San Quintin,Baja California,2021,Diciembre,Papel/Carton,22.28,10,94.7,N/A,Ayuntamiento Tijuana / SEMARNAT
Lazaro Cardenas,San Quintin,Baja California,2021,Mayo,Sanitario,20.88,10,73.6,N/A,Ayuntamiento Tijuana / SEMARNAT
Lazaro Cardenas,San Quintin,Baja California,2021,Agosto,Metal,7.44,8,63.0,N/A,Ayuntamiento Tijuana / SEMARNAT
Lazaro Cardenas,San Quintin,Baja California,2022,Mayo,Sanitario,25.56,10,70.6,N/A,Ayuntamiento Tijuana / SEMARNAT
Lazaro Cardenas,San Quintin,Baja California,2022,Agosto,Mixto,38.74,15,88.6,N/A,Ayuntamiento Tijuana / SEMARNAT
Lazaro Cardenas,San Quintin,Baja California,2022,Enero,Metal,17.9,2,75.3,N/A,Ayuntamiento Tijuana / SEMARNAT
Lazaro Cardenas,San Quintin,Baja California,2022,Abril,Papel/Carton,44.85,17,91.7,N/A,Ayuntamiento Tijuana / SEMARNAT
Lazaro Cardenas,San Quintin,Baja California,2023,Septiembre,Metal,6.27,18,68.0,N/A,Ayuntamiento Tijuana / SEMARNAT
Lazaro Cardenas,San Quintin,Baja California,2023,Noviembre,Mixto,30.3,13,86.2,N/A,Ayuntamiento Tijuana / SEMARNAT
Lazaro Cardenas,San Quintin,Baja California,2023,Julio,Organico,3.38,19,96.8,N/A,Ayuntamiento Tijuana / SEMARNAT
Lazaro Cardenas,San Quintin,Baja California,2023,Diciembre,Plastico,22.73,17,94.4,N/A,Ayuntamiento Tijuana / SEMARNAT
Vicente Guerrero,San Quintin,Baja California,2021,Julio,Vidrio,39.61,11,87.7,N/A,Ayuntamiento Tijuana / SEMARNAT
Vicente Guerrero,San Quintin,Baja California,2021,Abril,Sanitario,44.82,7,65.1,N/A,Ayuntamiento Tijuana / SEMARNAT
Vicente Guerrero,San Quintin,Baja California,2021,Febrero,Plastico,36.44,1,93.0,N/A,Ayuntamiento Tijuana / SEMARNAT
Vicente Guerrero,San Quintin,Baja California,2021,Diciembre,Papel/Carton,43.15,16,70.9,N/A,Ayuntamiento Tijuana / SEMARNAT
Vicente Guerrero,San Quintin,Baja California,2022,Junio,Plastico,7.52,17,78.5,N/A,Ayuntamiento Tijuana / SEMARNAT
Vicente Guerrero,San Quintin,Baja California,2022,Septiembre,Organico,9.51,3,75.0,N/A,Ayuntamiento Tijuana / SEMARNAT
Vicente Guerrero,San Quintin,Baja California,2022,Agosto,Vidrio,1.14,11,79.1,N/A,Ayuntamiento Tijuana / SEMARNAT
Vicente Guerrero,San Quintin,Baja California,2022,Enero,Mixto,9.7,16,62.0,N/A,Ayuntamiento Tijuana / SEMARNAT
Vicente Guerrero,San Quintin,Baja California,2023,Julio,Plastico,15.4,17,85.6,N/A,Ayuntamiento Tijuana / SEMARNAT
Vicente Guerrero,San Quintin,Baja California,2023,Enero,Metal,24.79,8,96.1,N/A,Ayuntamiento Tijuana / SEMARNAT
Vicente Guerrero,San Quintin,Baja California,2023,Marzo,Sanitario,1.33,7,61.8,N/A,Ayuntamiento Tijuana / SEMARNAT
Vicente Guerrero,San Quintin,Baja California,2023,Abril,Papel/Carton,32.19,4,75.3,N/A,Ayuntamiento Tijuana / SEMARNAT
